,date,rating,title,review
0,–∞–≤–≥. 2020 –≥.,"5,0 –∏–∑ 5 –∫—Ä—É–∂–∫–æ–≤",–ú–Ω–æ–≥–æ —Å–∫—É–ª—å–ø—Ç—É—Ä –∏ –∏–Ω—Ç–µ—Ä–µ—Å–Ω—ã—Ö –∞—Ä—Ç-–æ–±—ä–µ–∫—Ç–æ–≤,"–ì–∞–π–¥-–ø–∞—Ä–∫ - —á–µ—Ç–≤–µ—Ä—Ç—ã–π –ø–æ —Ä–∞–∑–º–µ—Ä—É –∏–∑ –≤–æ—Å—å–º–∏ –∫–æ—Ä–æ–ª–µ–≤—Å–∫–∏—Ö –ø–∞—Ä–∫–æ–≤ –õ–æ–Ω–¥–æ–Ω–∞. –ú—ã –∂–∏–ª–∏ —Ä—è–¥–æ–º —Å –Ω–∏–º, –ø–æ—ç—Ç–æ–º—É –±—ã–≤–∞–ª–∏ –∑–¥–µ—Å—å —á–∞—Å—Ç–æ. –ü–æ—è–≤–∏–ª—Å—è –ø–∞—Ä–∫ –≤ 1872 –≥–æ–¥—É. –í –ø–∞—Ä–∫–µ –µ—Å—Ç—å –£–≥–æ–ª–æ–∫ –æ—Ä–∞—Ç–æ—Ä–æ–≤, –≥–¥–µ –≤ —Å–≤–æ–µ –≤—Ä–µ–º—è –≤—ã—Å—Ç—É–ø–∞–ª–∏ –ö–∞—Ä–ª –ú–∞—Ä–∫—Å –∏ –î–∂–æ—Ä–¥–∂ –û—Ä—É—ç–ª–ª. –ù–æ —Å–µ–π—á–∞—Å —Å—É–¥–∞ –ø—Ä–∏—Ö–æ–¥—è—Ç –≤ –æ—Å–Ω–æ–≤–Ω–æ–º –Ω–µ –º–∏—Ç–∏–Ω–≥–æ–≤–∞—Ç—å, –∞ –æ—Ç–¥–æ—Ö–Ω—É—Ç—å –Ω–∞ –ø—Ä–∏—Ä–æ–¥–µ. –í –ø–∞—Ä–∫–µ –ø—Ä—É–¥—ã, –ø–æ–ø—É–≥–∞–∏, –ª–µ–±–µ–¥–∏, –±–µ–ª–∫–∏, –º–Ω–æ–≥–æ —Å–∫—É–ª—å–ø—Ç—É—Ä –∏ –∏–Ω—Ç–µ—Ä–µ—Å–Ω—ã—Ö –∞—Ä—Ç-–æ–±—ä–µ–∫—Ç–æ–≤, —Ñ–æ–Ω—Ç–∞–Ω—ã, –∏ –¥–∞–∂–µ –∫–ª–∞–¥–±–∏—â–µ –¥–æ–º–∞—à–Ω–∏—Ö –∂–∏–≤–æ—Ç–Ω—ã—Ö 19 –≤–µ–∫–∞.–í—Ö–æ–¥ –±–µ—Å–ø–ª–∞—Ç–Ω—ã–π. –í–æ—Ä–æ—Ç–∞ –ø–∞—Ä–∫–∞ –æ—Ç–∫—Ä—ã–≤–∞—é—Ç—Å—è –µ–∂–µ–¥–Ω–µ–≤–Ω–æ –≤ 5 —É—Ç—Ä–∞ –∏ –∑–∞–∫—Ä—ã–≤–∞—é—Ç—Å—è –≤ –ø–æ–ª–Ω–æ—á—å."
1,–∞–≤–≥. 2020 –≥.,"5,0 –∏–∑ 5 –∫—Ä—É–∂–∫–æ–≤",–ü—Ä–µ–∫—Ä–∞—Å–Ω–æ–µ –º–µ—Å—Ç–æ –¥–ª—è –ø—Ä–æ–≥—É–ª–æ–∫,"–ú–æ–π –æ—Ç–µ–ª—å –Ω–∞—Ö–æ–¥–∏–ª—Å—è —Ä—è–¥–æ–º –∏ –ø–æ—Ç–æ–º—É –Ω–µ—Å–∫–æ–ª—å–∫–æ –¥–Ω–µ–π –º–æ–π –¥–µ–Ω—å –Ω–∞—á–∏–Ω–∞–ª—Å—è —Å –ø—Ä–æ–≥—É–ª–æ–∫ –ø–æ —ç—Ç–æ–º—É –ø–∞—Ä–∫—É - –æ–Ω –ª–µ–∂–∞–ª –Ω–∞ –ø—É—Ç–∏ –∫ –º–æ–∏–º —Ü–µ–ª—è–º –≤ –õ–æ–Ω–¥–æ–Ω–µ.–ü—Ä–µ–∫—Ä–∞—Å–Ω–æ–µ –º–µ—Å—Ç–æ –¥–ª—è –ø—Ä–æ–≥—É–ª–æ–∫. –°–≤–µ–∂–∞—è –µ–∂–µ–≤–∏–∫–∞, –ø—Ä–µ–∫—Ä–∞—Å–Ω—ã–µ –ø—Ä—É–¥—ã, –ø–æ–ø—É–≥–∞–∏ –±–µ–ª–∫–∏, –µ–¥—è—â–∏–µ —Å –≤–∞—à–∏—Ö —Ä—É–∫. –ü—Ä–µ–∫—Ä–∞—Å–Ω—ã–µ –ª—é–¥–∏.–û—â—É—â–µ–Ω–∏–µ –ø–æ–∫–æ—è –∏ –±–ª–∞–≥–æ–ø–æ–ª—É—á–∏—è, –±–µ–∑–æ–ø–∞—Å–Ω–æ—Å—Ç—å –∏ –∫—Ä–∞—Å–æ—Ç–∞.–ò—Å–∫—Ä–µ–Ω–Ω–µ —Ä–µ–∫–æ–º–µ–Ω–¥—É—é –¥–ª—è –ø–æ—Å–µ—â–µ–Ω–∏—è!"
2,–º–∞–π 2019 –≥.,"5,0 –∏–∑ 5 –∫—Ä—É–∂–∫–æ–≤",–ö–æ–º–∞–Ω–¥–∏—Ä–æ–≤–∫–∞,"–í –ì–∞–π–¥-–ø–∞—Ä–∫–µ —è –±—ã–ª–∞, –µ—Å–ª–∏ –Ω–µ –æ—à–∏–±–∞—é—Å—å —Ä–∞–∑ 6 –∏–ª–∏ 7, –∑–∞–º–µ—á–∞—Ç–µ–ª—å–Ω–æ–µ –º–µ—Å—Ç–æ, –Ω–µ–æ–±—ã–∫–Ω–æ–≤–µ–Ω–Ω–æ–µ, —á–∏—Å—Ç–æ, –ø—Ä–∏—è—Ç–Ω–æ –ø–æ—Ö–æ–¥–∏—Ç—å –∏ –ø–æ–∫–æ—Ä–º–∏—Ç—å –±–µ–ª–æ–∫, –∞ –≤ –º–∞–µ 2019 –≥–æ–¥–∞ –º—ã –ø–æ–ø–∞–ª–∏ –Ω–∞ –ø—Ä–∞–∑–¥–Ω–∏–∫–∏, –∏ –≤ –ì–∞–π–¥-–ø–∞—Ä–∫–µ –±—ã–ª–æ –æ—á–µ–Ω—å –º–Ω–æ–≥–æ –Ω–∞—Ä–æ–¥—É, —Å –¥–µ—Ç—å–º–∏, –º–Ω–æ–≥–∏–µ —Ä–∞—Å–ø–æ–ª–æ–∂–∏–ª–∏—Å—å –Ω–∞ –ª—É–∂–∞–π–∫–∞—Ö, —Ç–∞–∫ –∫–∞–∫ –±—ã–ª–æ –∂–∞—Ä–∫–æ. –ú—ã —Ç–∞–∫–∂–µ –ø—Ä–æ—à–ª–∏—Å—å –ø–æ –ø–∞—Ä–∫—É, –ø–æ—Å–º–æ—Ç—Ä–µ–ª–∏ –Ω–∞ —É—Ç–æ–∫, –≥–æ–ª—É–±–µ–π, –Ω–∞ –æ—Ç–¥—ã—Ö–∞—é—â–∏—Ö —Å —Å–µ–º—å—è–º–∏. –¢–∞–∫–∂–µ –∏–Ω—Ç–µ—Ä–µ—Å–Ω–æ –ø—Ä–æ–π—Ç–∏—Å—å –ø–æ –ø–∞—Ä–∫—É –∏ –ø–æ—Å–º–æ—Ç—Ä–µ—Ç—å –Ω–∞ –∫—Ä–∞—Å–∏–≤—ã–µ –¥–µ—Ä–µ–≤—å—è, –∫—É—Å—Ç–∞—Ä–Ω–∏–∫–∏ –∏ —Ü–≤–µ—Ç—ã, –∫–æ—Ç–æ—Ä—ã—Ö –Ω–µ—Ç –≤ –£–∑–±–µ–∫–∏—Å—Ç–∞–Ω–µ, —Ä–µ–∫–æ–º–µ–Ω–¥—É—é."
3,–º–∞—Ä—Ç 2020 –≥. ‚Ä¢ –ü—É—Ç–µ—à–µ—Å—Ç–≤–∏–µ –≤ –æ–¥–∏–Ω–æ—á–∫—É,"5,0 –∏–∑ 5 –∫—Ä—É–∂–∫–æ–≤",–ë–æ–ª—å—à–æ–π –∫—Ä–∞—Å–∏–≤—ã–π –ø–∞—Ä–∫,"–û—á–µ–Ω—å –∫—Ä–∞—Å–∏–≤—ã–π –ø–∞—Ä–∫, –≥–¥–µ –º–Ω–æ–≥–æ –±–µ–ª–æ—á–µ–∫, –ø–æ–ø—É–≥–∞–µ–≤ –∏ —Ä–∞–∑–Ω—ã—Ö –¥—Ä—É–≥–∏—Ö –ø—Ç–∏—Ü) –Ω–µ –∑–∞–±—É–¥—å—Ç–µ –≤–∑—è—Ç—å –≤—Å—è–∫–∏–µ –≤–∫—É—Å–Ω—è—à–∫–∏)) –ø–æ—Ç–æ–º—É —á—Ç–æ –º–æ–∂–Ω–æ –ø—Ä–∏–º–∞–Ω–∏—Ç—å –∏—Ö —Å–µ–±–µ –Ω–∞ —Ä—É–∫—É –∏ –Ω–µ —Ç–æ–ª—å–∫–æ –¥–µ—Ç–∏, –Ω–æ –∏ –≤–∑—Ä–æ—Å–ª—ã–µ –ø—Ä–∏—Ö–æ–¥—è—Ç –≤ –≤–æ—Å—Ç–æ—Ä–≥)) –µ—Å—Ç—å –æ–∑–µ—Ä–æ, –º–æ–Ω—É–º–µ–Ω—Ç –ø—Ä–∏–Ω—Ü–µ—Å—Å–µ –î–∏–∞–Ω–µ, –∫–∞—Ñ–µ—à–∫–∏ –∏ –ª–∞–≤–æ—á–∫–∏ –¥–ª—è –æ—Ç–¥—ã—Ö–∞) –æ—Ç–ª–∏—á–Ω–æ–µ –º–µ—Å—Ç–æ –¥–ª—è –ø–∏–∫–Ω–∏–∫–∞ –≤ —Ç—ë–ø–ª–æ–µ –≤—Ä–µ–º—è) "
4,—Ñ–µ–≤—Ä. 2020 –≥.,"5,0 –∏–∑ 5 –∫—Ä—É–∂–∫–æ–≤",–ó–∞—Ä—è–¥–∏—Å—å —ç–Ω–µ—Ä–≥–∏–µ–π,"–û–¥–Ω–æ –∏–∑ –º–æ–∏—Ö –ª—é–±–∏–º—ã—Ö –º–µ—Å—Ç –õ–æ–Ω–¥–æ–Ω–∞. –ü—Ä–æ–≥—É–ª–∫–∞ –ø–æ –ø–∞—Ä–∫—É –∑–∞—Ä—è–∂–∞–µ—Ç —ç–Ω–µ—Ä–≥–∏–µ–π –∏ –ø–æ–∑–∏—Ç–∏–≤–æ–º –Ω–∞ –≤–µ—Å—å –¥–µ–Ω—å. –ü–∞—Ä–∫ –ø—Ä–µ–∫—Ä–∞—Å–µ–Ω –∫–∞–∫ –Ω–∞ –≤–æ—Å—Ö–æ–¥–µ, —Ç–∞–∫ –∏ –≤ –ø–æ–ª—É–¥–µ–Ω–Ω—ã–µ —á–∞—Å—ã. –†–µ–∫–æ–º–µ–Ω–¥—É—é –æ—Å–æ–±–æ–µ –≤–Ω–∏–º–∞–Ω–∏–µ —É–¥–µ–ª–∏—Ç—å –º–æ–Ω—É–º–µ–Ω—Ç—É –ê–ª—å–±–µ—Ä—Ç–∞, –ø—Ä—É–¥–∞–º –∏ –ø–æ—Ç—Ä—è—Å–∞—é—â–∏–º –±–µ–ª–∫–∞–º, –∫–æ—Ç–æ—Ä—ã—Ö –≤ –ø–∞—Ä–∫–µ –æ—á–µ–Ω—å –º–Ω–æ–≥–æ. "
5,—è–Ω–≤. 2020 –≥.,"5,0 –∏–∑ 5 –∫—Ä—É–∂–∫–æ–≤",–ö—Ä–∞—Å–∏–≤—ã–π –∞–Ω–≥–ª–∏–π—Å–∫–∏–π –ø–∞—Ä–∫,–ü–∞—Ä–∫ –≤ —Ü–µ–Ω—Ç—Ä–µ –õ–æ–Ω–¥–æ–Ω–∞ —Å –±–æ–ª—å—à–∏–º –æ–∑–µ—Ä–æ–º. –ï—Å—Ç—å –ª–æ–¥–æ—á–Ω–∞—è —Å—Ç–∞–Ω—Ü–∏—è. –û–≥—Ä–æ–º–Ω—ã–µ –ø–∞—Ä—Ç–µ—Ä—ã. –ï—Å—Ç—å —Ü–≤–µ—Ç–Ω–∏–∫–∏ –∏ —Ç–µ–Ω–∏—Å—Ç—ã–µ –∞–ª–ª–µ–∏. –° –æ–¥–Ω–æ–π —Å—Ç–æ—Ä–æ–Ω—ã –ø–∞—Ä–∫ –ø—Ä–∏–º—ã–∫–∞–µ—Ç –∫ –æ–¥–Ω–æ–º—É –∏–∑ –∫–æ—Ä–æ–ª–µ–≤—Å–∫–∏—Ö –¥–≤–æ—Ä—Ü–æ–≤ –∏ –∫–æ—Ä–æ–ª–µ–≤—Å–∫–æ–º—É —Å–∞–¥—É —Å –æ—Ä–∞–Ω–∂–µ—Ä–µ–µ–π. –í –ø–∞—Ä–∫–µ –µ—Å—Ç—å –ø–ª–æ—â–∞–¥–∫–∞ —Å –∞—Ç—Ç—Ä–∞–∫—Ü–∏–æ–Ω–∞–º–∏ –∏ –∫–æ–ª–µ—Å–æ–º –æ–±–æ–∑—Ä–µ–Ω–∏—è. –í –ø–∞—Ä–∫–µ –æ—Ç–∫—Ä—ã—Ç –º–µ–º–æ—Ä–∏–∞–ª –ø–∞–º—è—Ç–∏ –ø—Ä–∏–Ω—Ü–µ—Å—Å—ã –î–∏–∞–Ω—ã. 
6,—Å–µ–Ω—Ç. 2019 –≥.,"5,0 –∏–∑ 5 –∫—Ä—É–∂–∫–æ–≤",–ì—É–ª—è—é –≤—Å–µ–≥–¥–∞ —Å –ø–∏–∫–Ω–∏–∫–æ–º,"–ì–∞–π–¥ –ø–∞—Ä–∫ –ª—é–±–ª—é! –ò –≤ –∫–∞–∂–¥—É—é —Å–≤–æ—é –ø–æ–µ–∑–¥–∫—É —Å—Ç–∞—Ä–∞—é—Å—å –≤—ã–±—Ä–∞—Ç—å—Å—è –≤ —ç—Ç–æ—Ç –ø–∞—Ä–∫ –Ω–∞ –ø–∏–∫–Ω–∏–∫, —Å –ø–ª–µ–¥–∏–∫–æ–º –∏–ª–∏ –±–µ–∑, –ø—Ä–æ—Å—Ç–æ –Ω–∞ –∫—Ä–µ—Å–ª–µ –ø–æ—Å–∏–¥–µ—Ç—å —Å –±—É—Ç–µ—Ä–±—Ä–æ–¥–æ–º. –õ—é–±–ª—é –µ–≥–æ –ø–æ—á–µ–º—É-—Ç–æ –±–æ–ª—å—à–µ –¥—Ä—É–≥–∏—Ö –ø–∞—Ä–∫–æ–≤ –∑–∞ –æ—Å–æ–±—É—é –∞—Ç–º–æ—Å—Ñ–µ—Ä—É! –ò –∫–æ—Ä–º–ª—é –±–µ–ª–æ–∫ –≤—Å–µ–≥–¥–∞ )"
7,—Å–µ–Ω—Ç. 2019 –≥. ‚Ä¢ –° –¥—Ä—É–∑—å—è–º–∏,"5,0 –∏–∑ 5 –∫—Ä—É–∂–∫–æ–≤",–û—Ç–ª–∏—á–Ω–æ. ,"–®–∏–∫–∞—Ä–Ω—ã–π –ø–∞—Ä–∫, —Å —Ö–æ—Ä–æ—à–∏–º–∏ –¥–æ—Ä–æ–∂–∫–∞–º–∏ –∏ –≤–æ–¥–æ–µ–º–∞–º–∏! –û—á–µ–Ω—å —á–∏—Å—Ç–æ. –õ—é–¥–∏ –æ—Ç–¥—ã—Ö–∞—é—Ç –ø—Ä—è–º–æ –Ω–∞ —Ç—Ä–∞–≤–µ :) –ö—Ä—É–≥–æ–º –±–µ–≥–∞—é—Ç –±–µ–ª–∫–∏, —á—Ç–æ –¥–ª—è –ª—é–¥–µ–π –∏–∑ —Å—Ç—Ä–∞–Ω –°–ù–ì - –ø–æ—Ä–∞–∑–∏—Ç–µ–ª—å–Ω–æ! "
8,—è–Ω–≤. 2019 –≥.,"5,0 –∏–∑ 5 –∫—Ä—É–∂–∫–æ–≤",–ì–∞–π–¥ –ø–∞—Ä–∫,"–ü—Ä–∏ –ø–æ—Å–µ—â–µ–Ω–∏—è –õ–æ–Ω–¥–æ–Ω–∞ –æ–±—è–∑–∞—Ç–µ–ª—å–Ω–æ –Ω—É–∂–Ω–æ –ø–æ—Å–µ—Ç–∏—Ç—å –ì–∞–π–¥-–ü–∞—Ä–∫. –Ø –∫–æ–≥–¥–∞ –ø—Ä–∏–ª–µ—Ç–∞—é –≤ –õ–æ–Ω–¥–æ–Ω, –≤—Å–µ–≥–¥–∞ –ø—Ä–∏—Ö–æ–∂—É –≤ –ü–∞—Ä–∫, –∑–∞—Ö–æ–∂—É –≤ –∫–∞—Ñ–µ —É –ø—Ä—É–¥–∞, –±–µ—Ä—É –∫–æ—Ñ–µ, –ø–∏—Ä–æ–∂–Ω–æ–µ –∏ –∏–¥—É –∫ —Ç—Ä–∞–≤–µ. –í –ª—é–±–æ–º –º–µ—Å—Ç–µ –º–æ–∂–Ω–æ —Å–µ—Å—Ç—å –∏–ª–∏ –ª–µ—á—å –∏ –ø—Ä–æ—Å—Ç–æ –æ—Ç–¥—ã—Ö–∞—Ç—å, —á–∏—Ç–∞—Ç—å –∫–Ω–∏–≥—É, –æ–±—â–∞—Ç—å—Å—è —Å –¥—Ä—É–∑—å—è–º–∏ –∏–ª–∏ –ø—Ä–æ—Å—Ç–æ –ª–µ–∂–∞—Ç—å –∏ –º–µ—á—Ç–∞—Ç—å/ –≠–Ω–µ—Ä–≥–µ—Ç–∏—á–µ—Å–∫–∏ –æ—á–µ–Ω—å –ø—Ä–∏—è—Ç–Ω–æ–µ –º–µ—Å—Ç–æ. –ü–æ —É—Ç—Ä–∞–º –∏–Ω–æ–≥–¥–∞ –±–µ–≥–∞—é."
9,–∏—é–Ω—å 2019 –≥.,"5,0 –∏–∑ 5 –∫—Ä—É–∂–∫–æ–≤",–ó–∞–º–µ—á–∞—Ç–µ–ª—å–Ω–æ!,"Speaker's corner in Hyde Park -–æ–∂–∏–¥–∞–ª–∞ —É–≤–∏–¥–µ—Ç—å –∫–∞–∫–æ–µ-—Ç–æ –≤–æ–∑–≤—ã—à–µ–Ω–∏–µ –∏–∑ –∫–∞–º–Ω—è, —Ç–∏–ø–∞ –∫–æ—Ä–æ–±–∫–∏. –ù–æ —ç—Ç–æ –ø—Ä–ø–æ—Å—Ç–æ –º–∞–ª–µ–Ω—å–∫–æ–µ –∫–∞—Ñ–µ, –≥–¥–µ –º–æ–∂–Ω–æ –ø–æ—Å–∏–¥–µ—Ç—å –∏ –æ–±—Å—É–¥–∏—Ç—å –Ω–æ–≤–æ—Å—Ç–∏."
0,–Ω–æ—è–±. 2019 –≥. ‚Ä¢ –°–µ–º–µ–π–Ω—ã–π –æ—Ç–¥—ã—Ö,"5,0 –∏–∑ 5 –∫—Ä—É–∂–∫–æ–≤",–ò –æ—Å–µ–Ω—å—é –ì–∞–π–¥-–ü–∞—Ä–∫ –ø—Ä–µ–∫—Ä–∞—Å–µ–Ω,"–ú–µ—Å—Ç–æ –¥–ª—è —Å–æ–∑–µ—Ä—Ü–∞–Ω–∏—è –ø—Ä–∏—Ä–æ–¥—ã, –≥–¥–µ –Ω–µ —Ö–æ—á–µ—Ç—Å—è –Ω–∏–∫—É–¥–∞ —Ç–æ—Ä–æ–ø–∏—Ç—å—Å—è. –í–µ–¥–∏—á–µ—Å—Ç–≤–µ–Ω–Ω—ã–π –∞–Ω–≥–ª–∏–π—Å–∫–∏–π –ø–∞—Ä–∫. –ú–Ω–æ–≥–æ –ø—Ä–∞–∫—Ç–∏—á–µ—Å–∫–∏ —Ä—É—á–Ω—ã—Ö –∂–∏–≤–æ—Ç–Ω—ã—Ö: –±–µ–ª–∫–∏, –ª–µ–±–µ–¥–∏, —É—Ç–∫–∏. –í–æ–∑—å–º–∏—Ç–µ —Å —Å–æ–±–æ–π —Ö–ª–µ–±. –ñ–∏–≤–æ—Ç–Ω—ã–µ –ø–æ–¥—Ö–æ–¥—è—Ç —Å–æ–≤—Å–µ–º –±–ª–∏–∑–∫–æ. "
1,–æ–∫—Ç. 2019 –≥. ‚Ä¢ –°–µ–º–µ–π–Ω—ã–π –æ—Ç–¥—ã—Ö,"5,0 –∏–∑ 5 –∫—Ä—É–∂–∫–æ–≤","–ó–∞–±–æ—Ä–æ–≤ –Ω–µ—Ç, –ø—Ç–∏—Ü—ã –Ω–µ –ø—É–≥–∞–Ω—ã, —Å–≤–æ–±–æ–¥–∞...","–î–ª—è –ø—Ä–æ–≥—É–ª–æ–∫, —Å–æ–∑–µ—Ä—Ü–∞–Ω–∏—è, —Å–ø–æ—Ä—Ç–∞ –∏ –æ—Ç–¥—ã—Ö–∞.–ü–∞—Ä–∫ –∏–¥–µ–∞–ª—å–Ω–æ –≤–ø–∏—Å–∞–Ω –≤ –≥–æ—Ä–æ–¥—Å–∫—É—é —Å—Ä–µ–¥—É, –∑–∞–±–æ—Ä–æ–≤ –Ω–µ—Ç, –æ—á–µ–Ω—å –∫—Ä–∞—Å–∏–≤–æ!"
2,–º–∞—Ä—Ç 2019 –≥.,"4,0 –∏–∑ 5 –∫—Ä—É–∂–∫–æ–≤",–ö—É–ª—å—Ç–æ–≤–æ–µ –º–µ—Å—Ç–æ,"–î–ª—è –º–µ–Ω—è —ç—Ç–æ –∞—Å—Å–æ—Ü–∏–∞—Ü–∏—è —Å —Å–∞–º—ã–º –º–∞—Å—à—Ç–∞–±–Ω—ã–º –∫–æ–Ω—Ü–µ—Ä—Ç–æ–º –≥—Ä—É–ø–ø—ã Queen. –ö–æ–≥–¥–∞ –ø–æ—Å–µ—â–∞–ª–∏ —ç—Ç–æ –º–µ—Å—Ç–æ –ø—Ä–æ—Ö–æ–¥–∏–ª–∞ –¥–µ–º–æ–Ω—Å—Ç—Ä–∞—Ü–∏—è –ø—Ä–æ—Ç–∏–≤ Brexit, –ø–æ—ç—Ç–æ–º –∫–∞–∫ —Å–ª–µ–¥—É–µ—Ç –ø—Ä–æ–≥—É–ª—è—Ç—å—Å—è –∏ –ø–æ–Ω—è—Ç—å, —á—Ç–æ –∏–∑ —Å–µ–±—è –ø—Ä–µ–¥—Å—Ç–∞–≤–ª—è–µ—Ç –ø–∞—Ä–∫ –Ω–µ –ø–æ–ª—É—á–∏–ª–æ—Å—å. –ù–æ —ç—Ç–æ –º–µ—Å—Ç–æ, –∫–∞–∫ —è –ø–æ–Ω—è–ª, –Ω–µ –¥–ª—è –ø—Ä–æ–≥—É–ª–æ–∫."
3,–∞–≤–≥. 2019 –≥.,"5,0 –∏–∑ 5 –∫—Ä—É–∂–∫–æ–≤",–ó–µ–ª–µ–Ω–æ,"–æ—Ç–ª–∏—á–Ω–æ–µ –∑–µ–ª–µ–Ω–æ–µ –º–µ—Å—Ç–æ –≤ —Ü–µ–Ω—Ç—Ä–µ –≥–æ—Ä–æ–¥–∞. –ü—Ä–∏—è—Ç–Ω–æ –ø–æ–≥—É–ª—è—Ç—å –≤ –ö–µ–Ω—Å–∏–Ω–≥—Ç–æ–Ω—Å–∫–æ–º –¥–≤–æ—Ä—Ü–µ ,–æ–±–æ–π—Ç–∏ –ú—Ä–∞–º–æ—Ä–Ω—É—é –∞—Ä–∫—É ,–ø–æ–ª—é–±–æ–≤–∞—Ç—å—Å—è –º–µ–º–æ—Ä–∏–∞–ª–æ–º –ø—Ä–∏–Ω—Ü–∞ –ê–ª—å–±–µ—Ä—Ç–∞ –∏ –ê–ª—å–±–µ—Ä—Ç –•–æ–ª–ª–æ–º ,–ú–µ–º–æ—Ä–∏–∞–ª–æ–º –ø—Ä–∏–Ω—Ü–µ—Å—Å—ã –î–∏–∞–Ω—ã,–∞ –ø–æ—Ç–æ–º –ø–æ–≤–∞–ª—è—Ç—å—Å—è –Ω–∞ –º—è–≥–∫–æ–π ,—á–∏—Å—Ç–æ–π ,–∑–µ–ª–µ–Ω–æ–π —Ç—Ä–∞–≤–∫–µ."
4,–∞–≤–≥. 2019 –≥.,"5,0 –∏–∑ 5 –∫—Ä—É–∂–∫–æ–≤",–ó–Ω–∞–º–µ–Ω–∏—Ç—ã–π –ø–∞–∫ –≤ —Ü–µ–Ω—Ç—Ä–µ –õ–æ–Ω–¥–æ–Ω–∞,"–ü—Ä–µ–∫—Ä–∞—Å–Ω—ã–π –ø–∞—Ä–∫ –≤ —Ü–µ–Ω—Ç—Ä–µ –≥–æ—Ä–æ–¥–∞, –ø—Ä–æ–≥—É–ª—è–≤—à–∏—Å—å  –æ –ì–∞–π–¥-–ø–∞—Ä–∫—É  –º–æ–∂–Ω–æ –ø–æ–ø–∞—Å—Ç—å –≤ –ö–µ–Ω—Å–∏–Ω–≥—Ç–æ–Ω—Å–∫–∏–µ —Å–∞–¥—ã, –∞ —Ç–∞–º –∏ –≤–æ –¥–≤–æ—Ä–µ—Ü (–æ –Ω–µ–º –≤ –¥—Ä—É–≥–æ–º –æ—Ç–∑—ã–≤–µ). –ú–æ–∂–Ω–æ –æ—Ç–¥–æ—Ö–Ω—É—Ç—å –Ω–∞ –±–µ—Ä–µ–≥—É –æ–∑–µ—Ä–∞, –∞—Ä–µ–Ω–¥–æ–≤–∞–≤ —à–µ–∑–ª–æ–Ω–≥, –∏–ª–∏ –ø–æ–∫–∞—Ç–∞—Ç—å—Å—è –Ω–∞ –∫–∞—Ç–∞–º–∞—Ä–∞–Ω–∞—Ö,–ø–æ–∫–æ—Ä–º–∏—Ç—å —Å —Ä—É–∫ –ª–µ–±–µ–¥–µ–π –∏–ª–∏ –ø—Ä–æ—Å—Ç–æ –ø–æ–≥—É–ª—è—Ç—å –ø–æ –¥–æ—Ä–æ–∂–∫–∞–º –≤–¥—ã—Ö–∞—è –∞—Ä–æ–º–∞—Ç —Ü–≤–µ—Ç–æ–≤."
5,–∏—é–Ω—å 2019 –≥. ‚Ä¢ –ü—É—Ç–µ—à–µ—Å—Ç–≤–∏–µ –≤ –æ–¥–∏–Ω–æ—á–∫—É,"5,0 –∏–∑ 5 –∫—Ä—É–∂–∫–æ–≤","–ü—Ä–µ–∫—Ä–∞—Å–Ω—ã–π –ø–∞—Ä–∫, –µ—Å—Ç—å –≥–¥–µ —Ä–∞–∑–≥—É–ª—è—Ç—å—Å—è","–ë—ã–ª–∞ –ø—Ä–µ–∫—Ä–∞—Å–Ω–∞—è –ø–æ–≥–æ–¥–∞, –æ—Ç–ª–∏—á–Ω–æ–µ –Ω–∞—Å—Ç—Ä–æ–µ–Ω–∏–µ. –ù–µ —Å–º–æ–≥–ª–∞ –æ—Ç–∫–∞–∑–∞—Ç—å —Å–µ–±–µ –≤ —É–¥–æ–≤–æ–ª—å—Å—Ç–≤–∏–∏ –ø—Ä–æ–≥—É–ª—è—Ç—å—Å—è –ø–æ –Ω–µ–º—É."
6,–∏—é–ª—å 2019 –≥. ‚Ä¢ –ë–∏–∑–Ω–µ—Å,"3,0 –∏–∑ 5 –∫—Ä—É–∂–∫–æ–≤",–ü–∞—Ä–∫,"–ï—Å–ª–∏ —á–µ—Å—Ç–Ω–æ –Ω–µ –æ—Å–æ–±–æ –ø–æ–Ω–∏–º–∞—é –≤–æ—Å—Ö–∏—â–µ–Ω–∏–π –æ –¥–∞–Ω–Ω–æ–º –º–µ—Å—Ç–µ. –ü–∞—Ä–∫ –∫–∞–∫ –ø–∞—Ä–∫. –í–µ–ª–æ–¥–æ—Ä–æ–∂–∫–∏, –¥–µ—Ä–µ–≤—å—è, –±–æ–ª—å—à–æ–µ –æ–∑–µ—Ä–æ —Å –æ–≥—Ä–æ–º–Ω—ã–º –∫–æ–ª–∏—á–µ—Å—Ç–≤–æ–º –ø—Ç–∏—Ü-–≥—É—Å–µ–π-–ª–µ–±–µ–¥–µ–π –∏ –∫–∞—Ç–∞–º–∞—Ä–∞–Ω–æ–≤ (–∫–æ–≥–¥–∞ –æ–Ω–∏ –∑–∞–Ω—è—Ç—ã –ª—é–¥—å–º–∏ –º–µ—Å—Ç–∞ –¥–ª—è –∫–∞—Ç–∞–Ω–∏—è –ø–æ—á—Ç–∏ –Ω–µ—Ç), –æ–±–∏–ª–∏–µ –ø–æ–ª—è–Ω–æ–∫ –¥–ª—è –æ—Ç–¥—ã—Ö–∞, —Å–∫–∞–º–µ–µ–∫, –∫–∞—Ñ–µ—à–µ–∫ –∏ –ø–ª–∞—Ç–Ω—ã—Ö —Å—Ç—É–ª—å–µ–≤-—à–µ–∑–ª–æ–Ω–≥–æ–≤.  –ò–∑–º–∞–π—Å–ª–æ–≤—Å–∫–∏–π –ø–∞—Ä–∫ –≤ –ú–æ—Å–∫–≤–µ –≥–æ—Ä–∞–∑–¥–æ –∫—Ä—É—á–µ, –ø—Ä–æ –ü–∞—Ä–∫ –ì–æ—Ä—å–∫–æ–≥–æ –≤–æ–æ–±—â–µ –º–æ–ª—á—É - –Ω–∏ –≤ –∫–∞–∫–æ–µ —Å—Ä–∞–≤–Ω–µ–Ω–∏–µ –Ω–µ –∏–¥–µ—Ç."
7,–∞–ø—Ä. 2019 –≥. ‚Ä¢ –î–ª—è –¥–≤–æ–∏—Ö,"5,0 –∏–∑ 5 –∫—Ä—É–∂–∫–æ–≤",–ì–æ—Ä–æ–¥—Å–∫–æ–π –ª–µ—Å,"–û–≥—Ä–æ–º–Ω–∞—è  –ª–µ—Å–æ–ø–∞—Ä–∫–æ–≤–∞—è –∑–æ–Ω–∞, –≤–µ–∫–æ–≤—ã–µ  –¥–µ—Ä–µ–≤—å—è, –∑–µ–ª–µ–Ω—ã–µ –≥–∞–∑–æ–Ω—ã, –∏ –ø—Ä–æ—Å—Ç–æ—Ä  –≤–æ–∫—Ä—É–≥.  –¢–∏—à–∏–Ω–∞  –∏  —Å–ø–æ–∫–æ–π—Å—Ç–≤–∏–µ,  —Ü–≤–µ—Ç—É—Ç  —è—Ä–∫–∏–º  –∫–æ–ª–µ—Ä–æ–º  —Ü–≤–µ—Ç—ã, –¥–µ—Ä–µ–≤—å—è  –∏  –∫—É—Å—Ç–∞—Ä–Ω–∏–∫–∏. –ü–∞—Ü–∞–Ω—ã  —Å—Ç–∞–≤—è—Ç  —Ä—é–∫–∑–∞–∫–∏  –≤–º–µ—Å—Ç–æ —Ñ—É—Ç–±–æ–ª—å–Ω—ã—Ö  –≤–æ—Ä–æ—Ç  –∏ –±—å—é—Ç—Å—è –Ω–∞ –¥–µ—Å—è—Ç–∫–∞—Ö –∏–º–ø—Ä–æ–≤–∏–∑–∏—Ä–æ–≤–∞–Ω–Ω—ã—Ö —Ñ—É—Ç–±–æ–ª—å–Ω—ã—Ö  –ø–æ–ª–µ–π. –í  –ø—Ä—É–¥–∞—Ö  –º–Ω–æ–∂–µ—Å—Ç–≤–æ –≤–æ–¥–æ–ø–ª–∞–≤–∞—é—â–∏—Ö  –ø—Ç–∏—Ü, –∑–¥–µ—Å—å –∏  –ª–µ–±–µ–¥–∏  –∏  —É—Ç–∫–∏  –∏  –Ω–µ—Å–∫–æ–ª—å–∫–æ  –≤–∏–¥–æ–≤  –≥—É—Å–µ–π, –≤—Å–µ  —Ä—É—á–Ω—ã–µ, –≤—Å–µ  –∫–æ—Ä–º—è—Ç—Å—è  –ø—Ä—è–º–æ  –∏–∑  —Ä—É–∫. –ü–∞–º—è—Ç–Ω–∏–∫–∏,–¥–≤–æ—Ä—Ü—ã. –ì—É–ª—è–µ—à—å –∏  –Ω–∏–∫–∞–∫ –Ω–µ  ""–Ω–∞–ø—å–µ—à—å—Å—è""  —Å–≤–µ–∂–µ–≥–æ  –≤–æ–∑–¥—É—Ö–∞"
8,–º–∞–π 2019 –≥. ‚Ä¢ –° –¥—Ä—É–∑—å—è–º–∏,"5,0 –∏–∑ 5 –∫—Ä—É–∂–∫–æ–≤",Nice Green Park ,"Nice park with some flowers üíê good for walking and for picnic üß∫ –ø–∞—Ä–∫ –Ω–∞—Ö–æ–¥–∏—Ç—Å—è –≤ —Ü–µ–Ω—Ç—Ä–µ –≥–æ—Ä–æ–¥–∞, —Ö–æ—Ä–æ—à–æ —Ç–∞–º –ø–æ–±—ã–≤–∞—Ç—å –≤ —Ö–æ—Ä–æ—à—É—é –ø–æ–≥–æ–¥—É. –ú–Ω–æ–≥–æ —Ä–∞–∑–Ω–æ–π –∂–∏–≤–Ω–æ—Å—Ç–∏ —Ç–∞–º –æ–±–∏—Ç–∞–µ—Ç. "
9,–º–∞—Ä—Ç 2019 –≥. ‚Ä¢ –° –¥—Ä—É–∑—å—è–º–∏,"5,0 –∏–∑ 5 –∫—Ä—É–∂–∫–æ–≤",–∑–¥–µ—Å—å –µ—Å—Ç—å –ø–æ–ø—É–≥–∞–π—á–∏–∫–∏,"—Å–æ–≤–µ—Ä—à–µ–Ω–Ω–æ —Å–ª—É—á–∞–π–Ω–æ –∑–∞—à–ª–∏ –≤ –ø–∞—Ä–∫. –±—ã–ª–∞ —Ö–æ—Ä–æ—à–∞—è –ø–æ–≥–æ–¥–∞, –º—ã —Ä–µ—à–∏–ª–∏ –ø–µ—Ä–µ–¥–æ—Ö–Ω—É—Ç—å –º–µ–∂–¥—É –ø–æ—Å–µ—â–µ–Ω–∏–µ–º –º—É–∑–µ—è –µ—Å—Ç –Ω–∞—É–∫ –∏ –≤–∏–∫—Ç–æ—Ä–∏–∏ –∏ –∞–ª—å–±–µ—Ä—Ç–∞ (10 –º–∏–Ω—É—Ç –ø–µ—à–∫–æ–º). –ø–∞—Ä–∫ –±–æ–ª—å—à–æ–π, –º–Ω–æ–∂–µ—Å—Ç–≤–æ –ª–µ–±–µ–¥–µ–π –∏ —É—Ç–æ—á–µ–∫, –±–µ–ª–æ—á–∫–∏. –∞ —Å–∞–º—ã–µ –∏–Ω—Ç–µ—Ä–µ—Å–Ω—ã–µ –∂–∏—Ç–µ–ª–∏ - —ç—Ç–æ –∑–µ–ª–µ–Ω—ã–µ –ø–æ–ø—É–≥–∞–π—á–∏–∫–∏, –∏ –µ—Å–ª–∏ –∏–∑–ª–æ–≤—á–∏—Ç—å—Å—è, —Ç–æ –º–æ–∂–Ω–æ –∏—Ö –ø–æ–∫–æ—Ä–º–∏—Ç—å)))"
0,–∞–≤–≥. 2020 –≥.,"5,0 –∏–∑ 5 –∫—Ä—É–∂–∫–æ–≤",–ú–Ω–æ–≥–æ —Å–∫—É–ª—å–ø—Ç—É—Ä –∏ –∏–Ω—Ç–µ—Ä–µ—Å–Ω—ã—Ö –∞—Ä—Ç-–æ–±—ä–µ–∫—Ç–æ–≤,"–ì–∞–π–¥-–ø–∞—Ä–∫ - —á–µ—Ç–≤–µ—Ä—Ç—ã–π –ø–æ —Ä–∞–∑–º–µ—Ä—É –∏–∑ –≤–æ—Å—å–º–∏ –∫–æ—Ä–æ–ª–µ–≤—Å–∫–∏—Ö –ø–∞—Ä–∫–æ–≤ –õ–æ–Ω–¥–æ–Ω–∞. –ú—ã –∂–∏–ª–∏ —Ä—è–¥–æ–º —Å –Ω–∏–º, –ø–æ—ç—Ç–æ–º—É –±—ã–≤–∞–ª–∏ –∑–¥–µ—Å—å —á–∞—Å—Ç–æ. –ü–æ—è–≤–∏–ª—Å—è –ø–∞—Ä–∫ –≤ 1872 –≥–æ–¥—É. –í –ø–∞—Ä–∫–µ –µ—Å—Ç—å –£–≥–æ–ª–æ–∫ –æ—Ä–∞—Ç–æ—Ä–æ–≤, –≥–¥–µ –≤ —Å–≤–æ–µ –≤—Ä–µ–º—è –≤—ã—Å—Ç—É–ø–∞–ª–∏ –ö–∞—Ä–ª –ú–∞—Ä–∫—Å –∏ –î–∂–æ—Ä–¥–∂ –û—Ä—É—ç–ª–ª. –ù–æ —Å–µ–π—á–∞—Å —Å—É–¥–∞ –ø—Ä–∏—Ö–æ–¥—è—Ç –≤ –æ—Å–Ω–æ–≤–Ω–æ–º –Ω–µ –º–∏—Ç–∏–Ω–≥–æ–≤–∞—Ç—å, –∞ –æ—Ç–¥–æ—Ö–Ω—É—Ç—å –Ω–∞ –ø—Ä–∏—Ä–æ–¥–µ. –í –ø–∞—Ä–∫–µ –ø—Ä—É–¥—ã, –ø–æ–ø—É–≥–∞–∏, –ª–µ–±–µ–¥–∏, –±–µ–ª–∫–∏, –º–Ω–æ–≥–æ —Å–∫—É–ª—å–ø—Ç—É—Ä –∏ –∏–Ω—Ç–µ—Ä–µ—Å–Ω—ã—Ö –∞—Ä—Ç-–æ–±—ä–µ–∫—Ç–æ–≤, —Ñ–æ–Ω—Ç–∞–Ω—ã, –∏ –¥–∞–∂–µ –∫–ª–∞–¥–±–∏—â–µ –¥–æ–º–∞—à–Ω–∏—Ö –∂–∏–≤–æ—Ç–Ω—ã—Ö 19 –≤–µ–∫–∞.–í—Ö–æ–¥ –±–µ—Å–ø–ª–∞—Ç–Ω—ã–π. –í–æ—Ä–æ—Ç–∞ –ø–∞—Ä–∫–∞ –æ—Ç–∫—Ä—ã–≤–∞—é—Ç—Å—è –µ–∂–µ–¥–Ω–µ–≤–Ω–æ –≤ 5 —É—Ç—Ä–∞ –∏ –∑–∞–∫—Ä—ã–≤–∞—é—Ç—Å—è –≤ –ø–æ–ª–Ω–æ—á—å."
1,–∞–≤–≥. 2020 –≥.,"5,0 –∏–∑ 5 –∫—Ä—É–∂–∫–æ–≤",–ü—Ä–µ–∫—Ä–∞—Å–Ω–æ–µ –º–µ—Å—Ç–æ –¥–ª—è –ø—Ä–æ–≥—É–ª–æ–∫,"–ú–æ–π –æ—Ç–µ–ª—å –Ω–∞—Ö–æ–¥–∏–ª—Å—è —Ä—è–¥–æ–º –∏ –ø–æ—Ç–æ–º—É –Ω–µ—Å–∫–æ–ª—å–∫–æ –¥–Ω–µ–π –º–æ–π –¥–µ–Ω—å –Ω–∞—á–∏–Ω–∞–ª—Å—è —Å –ø—Ä–æ–≥—É–ª–æ–∫ –ø–æ —ç—Ç–æ–º—É –ø–∞—Ä–∫—É - –æ–Ω –ª–µ–∂–∞–ª –Ω–∞ –ø—É—Ç–∏ –∫ –º–æ–∏–º —Ü–µ–ª—è–º –≤ –õ–æ–Ω–¥–æ–Ω–µ.–ü—Ä–µ–∫—Ä–∞—Å–Ω–æ–µ –º–µ—Å—Ç–æ –¥–ª—è –ø—Ä–æ–≥—É–ª–æ–∫. –°–≤–µ–∂–∞—è –µ–∂–µ–≤–∏–∫–∞, –ø—Ä–µ–∫—Ä–∞—Å–Ω—ã–µ –ø—Ä—É–¥—ã, –ø–æ–ø—É–≥–∞–∏ –±–µ–ª–∫–∏, –µ–¥—è—â–∏–µ —Å –≤–∞—à–∏—Ö —Ä—É–∫. –ü—Ä–µ–∫—Ä–∞—Å–Ω—ã–µ –ª—é–¥–∏.–û—â—É—â–µ–Ω–∏–µ –ø–æ–∫–æ—è –∏ –±–ª–∞–≥–æ–ø–æ–ª—É—á–∏—è, –±–µ–∑–æ–ø–∞—Å–Ω–æ—Å—Ç—å –∏ –∫—Ä–∞—Å–æ—Ç–∞.–ò—Å–∫—Ä–µ–Ω–Ω–µ —Ä–µ–∫–æ–º–µ–Ω–¥—É—é –¥–ª—è –ø–æ—Å–µ—â–µ–Ω–∏—è!"
2,–º–∞–π 2019 –≥.,"5,0 –∏–∑ 5 –∫—Ä—É–∂–∫–æ–≤",–ö–æ–º–∞–Ω–¥–∏—Ä–æ–≤–∫–∞,"–í –ì–∞–π–¥-–ø–∞—Ä–∫–µ —è –±—ã–ª–∞, –µ—Å–ª–∏ –Ω–µ –æ—à–∏–±–∞—é—Å—å —Ä–∞–∑ 6 –∏–ª–∏ 7, –∑–∞–º–µ—á–∞—Ç–µ–ª—å–Ω–æ–µ –º–µ—Å—Ç–æ, –Ω–µ–æ–±—ã–∫–Ω–æ–≤–µ–Ω–Ω–æ–µ, —á–∏—Å—Ç–æ, –ø—Ä–∏—è—Ç–Ω–æ –ø–æ—Ö–æ–¥–∏—Ç—å –∏ –ø–æ–∫–æ—Ä–º–∏—Ç—å –±–µ–ª–æ–∫, –∞ –≤ –º–∞–µ 2019 –≥–æ–¥–∞ –º—ã –ø–æ–ø–∞–ª–∏ –Ω–∞ –ø—Ä–∞–∑–¥–Ω–∏–∫–∏, –∏ –≤ –ì–∞–π–¥-–ø–∞—Ä–∫–µ –±—ã–ª–æ –æ—á–µ–Ω—å –º–Ω–æ–≥–æ –Ω–∞—Ä–æ–¥—É, —Å –¥–µ—Ç—å–º–∏, –º–Ω–æ–≥–∏–µ —Ä–∞—Å–ø–æ–ª–æ–∂–∏–ª–∏—Å—å –Ω–∞ –ª—É–∂–∞–π–∫–∞—Ö, —Ç–∞–∫ –∫–∞–∫ –±—ã–ª–æ –∂–∞—Ä–∫–æ. –ú—ã —Ç–∞–∫–∂–µ –ø—Ä–æ—à–ª–∏—Å—å –ø–æ –ø–∞—Ä–∫—É, –ø–æ—Å–º–æ—Ç—Ä–µ–ª–∏ –Ω–∞ —É—Ç–æ–∫, –≥–æ–ª—É–±–µ–π, –Ω–∞ –æ—Ç–¥—ã—Ö–∞—é—â–∏—Ö —Å —Å–µ–º—å—è–º–∏. –¢–∞–∫–∂–µ –∏–Ω—Ç–µ—Ä–µ—Å–Ω–æ –ø—Ä–æ–π—Ç–∏—Å—å –ø–æ –ø–∞—Ä–∫—É –∏ –ø–æ—Å–º–æ—Ç—Ä–µ—Ç—å –Ω–∞ –∫—Ä–∞—Å–∏–≤—ã–µ –¥–µ—Ä–µ–≤—å—è, –∫—É—Å—Ç–∞—Ä–Ω–∏–∫–∏ –∏ —Ü–≤–µ—Ç—ã, –∫–æ—Ç–æ—Ä—ã—Ö –Ω–µ—Ç –≤ –£–∑–±–µ–∫–∏—Å—Ç–∞–Ω–µ, —Ä–µ–∫–æ–º–µ–Ω–¥—É—é."
3,–º–∞—Ä—Ç 2020 –≥. ‚Ä¢ –ü—É—Ç–µ—à–µ—Å—Ç–≤–∏–µ –≤ –æ–¥–∏–Ω–æ—á–∫—É,"5,0 –∏–∑ 5 –∫—Ä—É–∂–∫–æ–≤",–ë–æ–ª—å—à–æ–π –∫—Ä–∞—Å–∏–≤—ã–π –ø–∞—Ä–∫,"–û—á–µ–Ω—å –∫—Ä–∞—Å–∏–≤—ã–π –ø–∞—Ä–∫, –≥–¥–µ –º–Ω–æ–≥–æ –±–µ–ª–æ—á–µ–∫, –ø–æ–ø—É–≥–∞–µ–≤ –∏ —Ä–∞–∑–Ω—ã—Ö –¥—Ä—É–≥–∏—Ö –ø—Ç–∏—Ü) –Ω–µ –∑–∞–±—É–¥—å—Ç–µ –≤–∑—è—Ç—å –≤—Å—è–∫–∏–µ –≤–∫—É—Å–Ω—è—à–∫–∏)) –ø–æ—Ç–æ–º—É —á—Ç–æ –º–æ–∂–Ω–æ –ø—Ä–∏–º–∞–Ω–∏—Ç—å –∏—Ö —Å–µ–±–µ –Ω–∞ —Ä—É–∫—É –∏ –Ω–µ —Ç–æ–ª—å–∫–æ –¥–µ—Ç–∏, –Ω–æ –∏ –≤–∑—Ä–æ—Å–ª—ã–µ –ø—Ä–∏—Ö–æ–¥—è—Ç –≤ –≤–æ—Å—Ç–æ—Ä–≥)) –µ—Å—Ç—å –æ–∑–µ—Ä–æ, –º–æ–Ω—É–º–µ–Ω—Ç –ø—Ä–∏–Ω—Ü–µ—Å—Å–µ –î–∏–∞–Ω–µ, –∫–∞—Ñ–µ—à–∫–∏ –∏ –ª–∞–≤–æ—á–∫–∏ –¥–ª—è –æ—Ç–¥—ã—Ö–∞) –æ—Ç–ª–∏—á–Ω–æ–µ –º–µ—Å—Ç–æ –¥–ª—è –ø–∏–∫–Ω–∏–∫–∞ –≤ —Ç—ë–ø–ª–æ–µ –≤—Ä–µ–º—è) "
4,—Ñ–µ–≤—Ä. 2020 –≥.,"5,0 –∏–∑ 5 –∫—Ä—É–∂–∫–æ–≤",–ó–∞—Ä—è–¥–∏—Å—å —ç–Ω–µ—Ä–≥–∏–µ–π,"–û–¥–Ω–æ –∏–∑ –º–æ–∏—Ö –ª—é–±–∏–º—ã—Ö –º–µ—Å—Ç –õ–æ–Ω–¥–æ–Ω–∞. –ü—Ä–æ–≥—É–ª–∫–∞ –ø–æ –ø–∞—Ä–∫—É –∑–∞—Ä—è–∂–∞–µ—Ç —ç–Ω–µ—Ä–≥–∏–µ–π –∏ –ø–æ–∑–∏—Ç–∏–≤–æ–º –Ω–∞ –≤–µ—Å—å –¥–µ–Ω—å. –ü–∞—Ä–∫ –ø—Ä–µ–∫—Ä–∞—Å–µ–Ω –∫–∞–∫ –Ω–∞ –≤–æ—Å—Ö–æ–¥–µ, —Ç–∞–∫ –∏ –≤ –ø–æ–ª—É–¥–µ–Ω–Ω—ã–µ —á–∞—Å—ã. –†–µ–∫–æ–º–µ–Ω–¥—É—é –æ—Å–æ–±–æ–µ –≤–Ω–∏–º–∞–Ω–∏–µ —É–¥–µ–ª–∏—Ç—å –º–æ–Ω—É–º–µ–Ω—Ç—É –ê–ª—å–±–µ—Ä—Ç–∞, –ø—Ä—É–¥–∞–º –∏ –ø–æ—Ç—Ä—è—Å–∞—é—â–∏–º –±–µ–ª–∫–∞–º, –∫–æ—Ç–æ—Ä—ã—Ö –≤ –ø–∞—Ä–∫–µ –æ—á–µ–Ω—å –º–Ω–æ–≥–æ. "
5,—è–Ω–≤. 2020 –≥.,"5,0 –∏–∑ 5 –∫—Ä—É–∂–∫–æ–≤",–ö—Ä–∞—Å–∏–≤—ã–π –∞–Ω–≥–ª–∏–π—Å–∫–∏–π –ø–∞—Ä–∫,–ü–∞—Ä–∫ –≤ —Ü–µ–Ω—Ç—Ä–µ –õ–æ–Ω–¥–æ–Ω–∞ —Å –±–æ–ª—å—à–∏–º –æ–∑–µ—Ä–æ–º. –ï—Å—Ç—å –ª–æ–¥–æ—á–Ω–∞—è —Å—Ç–∞–Ω—Ü–∏—è. –û–≥—Ä–æ–º–Ω—ã–µ –ø–∞—Ä—Ç–µ—Ä—ã. –ï—Å—Ç—å —Ü–≤–µ—Ç–Ω–∏–∫–∏ –∏ —Ç–µ–Ω–∏—Å—Ç—ã–µ –∞–ª–ª–µ–∏. –° –æ–¥–Ω–æ–π —Å—Ç–æ—Ä–æ–Ω—ã –ø–∞—Ä–∫ –ø—Ä–∏–º—ã–∫–∞–µ—Ç –∫ –æ–¥–Ω–æ–º—É –∏–∑ –∫–æ—Ä–æ–ª–µ–≤—Å–∫–∏—Ö –¥–≤–æ—Ä—Ü–æ–≤ –∏ –∫–æ—Ä–æ–ª–µ–≤—Å–∫–æ–º—É —Å–∞–¥—É —Å –æ—Ä–∞–Ω–∂–µ—Ä–µ–µ–π. –í –ø–∞—Ä–∫–µ –µ—Å—Ç—å –ø–ª–æ—â–∞–¥–∫–∞ —Å –∞—Ç—Ç—Ä–∞–∫—Ü–∏–æ–Ω–∞–º–∏ –∏ –∫–æ–ª–µ—Å–æ–º –æ–±–æ–∑—Ä–µ–Ω–∏—è. –í –ø–∞—Ä–∫–µ –æ—Ç–∫—Ä—ã—Ç –º–µ–º–æ—Ä–∏–∞–ª –ø–∞–º—è—Ç–∏ –ø—Ä–∏–Ω—Ü–µ—Å—Å—ã –î–∏–∞–Ω—ã. 
6,—Å–µ–Ω—Ç. 2019 –≥.,"5,0 –∏–∑ 5 –∫—Ä—É–∂–∫–æ–≤",–ì—É–ª—è—é –≤—Å–µ–≥–¥–∞ —Å –ø–∏–∫–Ω–∏–∫–æ–º,"–ì–∞–π–¥ –ø–∞—Ä–∫ –ª—é–±–ª—é! –ò –≤ –∫–∞–∂–¥—É—é —Å–≤–æ—é –ø–æ–µ–∑–¥–∫—É —Å—Ç–∞—Ä–∞—é—Å—å –≤—ã–±—Ä–∞—Ç—å—Å—è –≤ —ç—Ç–æ—Ç –ø–∞—Ä–∫ –Ω–∞ –ø–∏–∫–Ω–∏–∫, —Å –ø–ª–µ–¥–∏–∫–æ–º –∏–ª–∏ –±–µ–∑, –ø—Ä–æ—Å—Ç–æ –Ω–∞ –∫—Ä–µ—Å–ª–µ –ø–æ—Å–∏–¥–µ—Ç—å —Å –±—É—Ç–µ—Ä–±—Ä–æ–¥–æ–º. –õ—é–±–ª—é –µ–≥–æ –ø–æ—á–µ–º—É-—Ç–æ –±–æ–ª—å—à–µ –¥—Ä—É–≥–∏—Ö –ø–∞—Ä–∫–æ–≤ –∑–∞ –æ—Å–æ–±—É—é –∞—Ç–º–æ—Å—Ñ–µ—Ä—É! –ò –∫–æ—Ä–º–ª—é –±–µ–ª–æ–∫ –≤—Å–µ–≥–¥–∞ )"
7,—Å–µ–Ω—Ç. 2019 –≥. ‚Ä¢ –° –¥—Ä—É–∑—å—è–º–∏,"5,0 –∏–∑ 5 –∫—Ä—É–∂–∫–æ–≤",–û—Ç–ª–∏—á–Ω–æ. ,"–®–∏–∫–∞—Ä–Ω—ã–π –ø–∞—Ä–∫, —Å —Ö–æ—Ä–æ—à–∏–º–∏ –¥–æ—Ä–æ–∂–∫–∞–º–∏ –∏ –≤–æ–¥–æ–µ–º–∞–º–∏! –û—á–µ–Ω—å —á–∏—Å—Ç–æ. –õ—é–¥–∏ –æ—Ç–¥—ã—Ö–∞—é—Ç –ø—Ä—è–º–æ –Ω–∞ —Ç—Ä–∞–≤–µ :) –ö—Ä—É–≥–æ–º –±–µ–≥–∞—é—Ç –±–µ–ª–∫–∏, —á—Ç–æ –¥–ª—è –ª—é–¥–µ–π –∏–∑ —Å—Ç—Ä–∞–Ω –°–ù–ì - –ø–æ—Ä–∞–∑–∏—Ç–µ–ª—å–Ω–æ! "
8,—è–Ω–≤. 2019 –≥.,"5,0 –∏–∑ 5 –∫—Ä—É–∂–∫–æ–≤",–ì–∞–π–¥ –ø–∞—Ä–∫,"–ü—Ä–∏ –ø–æ—Å–µ—â–µ–Ω–∏—è –õ–æ–Ω–¥–æ–Ω–∞ –æ–±—è–∑–∞—Ç–µ–ª—å–Ω–æ –Ω—É–∂–Ω–æ –ø–æ—Å–µ—Ç–∏—Ç—å –ì–∞–π–¥-–ü–∞—Ä–∫. –Ø –∫–æ–≥–¥–∞ –ø—Ä–∏–ª–µ—Ç–∞—é –≤ –õ–æ–Ω–¥–æ–Ω, –≤—Å–µ–≥–¥–∞ –ø—Ä–∏—Ö–æ–∂—É –≤ –ü–∞—Ä–∫, –∑–∞—Ö–æ–∂—É –≤ –∫–∞—Ñ–µ —É –ø—Ä—É–¥–∞, –±–µ—Ä—É –∫–æ—Ñ–µ, –ø–∏—Ä–æ–∂–Ω–æ–µ –∏ –∏–¥—É –∫ —Ç—Ä–∞–≤–µ. –í –ª—é–±–æ–º –º–µ—Å—Ç–µ –º–æ–∂–Ω–æ —Å–µ—Å—Ç—å –∏–ª–∏ –ª–µ—á—å –∏ –ø—Ä–æ—Å—Ç–æ –æ—Ç–¥—ã—Ö–∞—Ç—å, —á–∏—Ç–∞—Ç—å –∫–Ω–∏–≥—É, –æ–±—â–∞—Ç—å—Å—è —Å –¥—Ä—É–∑—å—è–º–∏ –∏–ª–∏ –ø—Ä–æ—Å—Ç–æ –ª–µ–∂–∞—Ç—å –∏ –º–µ—á—Ç–∞—Ç—å/ –≠–Ω–µ—Ä–≥–µ—Ç–∏—á–µ—Å–∫–∏ –æ—á–µ–Ω—å –ø—Ä–∏—è—Ç–Ω–æ–µ –º–µ—Å—Ç–æ. –ü–æ —É—Ç—Ä–∞–º –∏–Ω–æ–≥–¥–∞ –±–µ–≥–∞—é."
9,–∏—é–Ω—å 2019 –≥.,"5,0 –∏–∑ 5 –∫—Ä—É–∂–∫–æ–≤",–ó–∞–º–µ—á–∞—Ç–µ–ª—å–Ω–æ!,"Speaker's corner in Hyde Park -–æ–∂–∏–¥–∞–ª–∞ —É–≤–∏–¥–µ—Ç—å –∫–∞–∫–æ–µ-—Ç–æ –≤–æ–∑–≤—ã—à–µ–Ω–∏–µ –∏–∑ –∫–∞–º–Ω—è, —Ç–∏–ø–∞ –∫–æ—Ä–æ–±–∫–∏. –ù–æ —ç—Ç–æ –ø—Ä–ø–æ—Å—Ç–æ –º–∞–ª–µ–Ω—å–∫–æ–µ –∫–∞—Ñ–µ, –≥–¥–µ –º–æ–∂–Ω–æ –ø–æ—Å–∏–¥–µ—Ç—å –∏ –æ–±—Å—É–¥–∏—Ç—å –Ω–æ–≤–æ—Å—Ç–∏."
0,–Ω–æ—è–±. 2019 –≥. ‚Ä¢ –°–µ–º–µ–π–Ω—ã–π –æ—Ç–¥—ã—Ö,"5,0 –∏–∑ 5 –∫—Ä—É–∂–∫–æ–≤",–ò –æ—Å–µ–Ω—å—é –ì–∞–π–¥-–ü–∞—Ä–∫ –ø—Ä–µ–∫—Ä–∞—Å–µ–Ω,"–ú–µ—Å—Ç–æ –¥–ª—è —Å–æ–∑–µ—Ä—Ü–∞–Ω–∏—è –ø—Ä–∏—Ä–æ–¥—ã, –≥–¥–µ –Ω–µ —Ö–æ—á–µ—Ç—Å—è –Ω–∏–∫—É–¥–∞ —Ç–æ—Ä–æ–ø–∏—Ç—å—Å—è. –í–µ–¥–∏—á–µ—Å—Ç–≤–µ–Ω–Ω—ã–π –∞–Ω–≥–ª–∏–π—Å–∫–∏–π –ø–∞—Ä–∫. –ú–Ω–æ–≥–æ –ø—Ä–∞–∫—Ç–∏—á–µ—Å–∫–∏ —Ä—É—á–Ω—ã—Ö –∂–∏–≤–æ—Ç–Ω—ã—Ö: –±–µ–ª–∫–∏, –ª–µ–±–µ–¥–∏, —É—Ç–∫–∏. –í–æ–∑—å–º–∏—Ç–µ —Å —Å–æ–±–æ–π —Ö–ª–µ–±. –ñ–∏–≤–æ—Ç–Ω—ã–µ –ø–æ–¥—Ö–æ–¥—è—Ç —Å–æ–≤—Å–µ–º –±–ª–∏–∑–∫–æ. "
1,–æ–∫—Ç. 2019 –≥. ‚Ä¢ –°–µ–º–µ–π–Ω—ã–π –æ—Ç–¥—ã—Ö,"5,0 –∏–∑ 5 –∫—Ä—É–∂–∫–æ–≤","–ó–∞–±–æ—Ä–æ–≤ –Ω–µ—Ç, –ø—Ç–∏—Ü—ã –Ω–µ –ø—É–≥–∞–Ω—ã, —Å–≤–æ–±–æ–¥–∞...","–î–ª—è –ø—Ä–æ–≥—É–ª–æ–∫, —Å–æ–∑–µ—Ä—Ü–∞–Ω–∏—è, —Å–ø–æ—Ä—Ç–∞ –∏ –æ—Ç–¥—ã—Ö–∞.–ü–∞—Ä–∫ –∏–¥–µ–∞–ª—å–Ω–æ –≤–ø–∏—Å–∞–Ω –≤ –≥–æ—Ä–æ–¥—Å–∫—É—é —Å—Ä–µ–¥—É, –∑–∞–±–æ—Ä–æ–≤ –Ω–µ—Ç, –æ—á–µ–Ω—å –∫—Ä–∞—Å–∏–≤–æ!"
2,–º–∞—Ä—Ç 2019 –≥.,"4,0 –∏–∑ 5 –∫—Ä—É–∂–∫–æ–≤",–ö—É–ª—å—Ç–æ–≤–æ–µ –º–µ—Å—Ç–æ,"–î–ª—è –º–µ–Ω—è —ç—Ç–æ –∞—Å—Å–æ—Ü–∏–∞—Ü–∏—è —Å —Å–∞–º—ã–º –º–∞—Å—à—Ç–∞–±–Ω—ã–º –∫–æ–Ω—Ü–µ—Ä—Ç–æ–º –≥—Ä—É–ø–ø—ã Queen. –ö–æ–≥–¥–∞ –ø–æ—Å–µ—â–∞–ª–∏ —ç—Ç–æ –º–µ—Å—Ç–æ –ø—Ä–æ—Ö–æ–¥–∏–ª–∞ –¥–µ–º–æ–Ω—Å—Ç—Ä–∞—Ü–∏—è –ø—Ä–æ—Ç–∏–≤ Brexit, –ø–æ—ç—Ç–æ–º –∫–∞–∫ —Å–ª–µ–¥—É–µ—Ç –ø—Ä–æ–≥—É–ª—è—Ç—å—Å—è –∏ –ø–æ–Ω—è—Ç—å, —á—Ç–æ –∏–∑ —Å–µ–±—è –ø—Ä–µ–¥—Å—Ç–∞–≤–ª—è–µ—Ç –ø–∞—Ä–∫ –Ω–µ –ø–æ–ª—É—á–∏–ª–æ—Å—å. –ù–æ —ç—Ç–æ –º–µ—Å—Ç–æ, –∫–∞–∫ —è –ø–æ–Ω—è–ª, –Ω–µ –¥–ª—è –ø—Ä–æ–≥—É–ª–æ–∫."
3,–∞–≤–≥. 2019 –≥.,"5,0 –∏–∑ 5 –∫—Ä—É–∂–∫–æ–≤",–ó–µ–ª–µ–Ω–æ,"–æ—Ç–ª–∏—á–Ω–æ–µ –∑–µ–ª–µ–Ω–æ–µ –º–µ—Å—Ç–æ –≤ —Ü–µ–Ω—Ç—Ä–µ –≥–æ—Ä–æ–¥–∞. –ü—Ä–∏—è—Ç–Ω–æ –ø–æ–≥—É–ª—è—Ç—å –≤ –ö–µ–Ω—Å–∏–Ω–≥—Ç–æ–Ω—Å–∫–æ–º –¥–≤–æ—Ä—Ü–µ ,–æ–±–æ–π—Ç–∏ –ú—Ä–∞–º–æ—Ä–Ω—É—é –∞—Ä–∫—É ,–ø–æ–ª—é–±–æ–≤–∞—Ç—å—Å—è –º–µ–º–æ—Ä–∏–∞–ª–æ–º –ø—Ä–∏–Ω—Ü–∞ –ê–ª—å–±–µ—Ä—Ç–∞ –∏ –ê–ª—å–±–µ—Ä—Ç –•–æ–ª–ª–æ–º ,–ú–µ–º–æ—Ä–∏–∞–ª–æ–º –ø—Ä–∏–Ω—Ü–µ—Å—Å—ã –î–∏–∞–Ω—ã,–∞ –ø–æ—Ç–æ–º –ø–æ–≤–∞–ª—è—Ç—å—Å—è –Ω–∞ –º—è–≥–∫–æ–π ,—á–∏—Å—Ç–æ–π ,–∑–µ–ª–µ–Ω–æ–π —Ç—Ä–∞–≤–∫–µ."
4,–∞–≤–≥. 2019 –≥.,"5,0 –∏–∑ 5 –∫—Ä—É–∂–∫–æ–≤",–ó–Ω–∞–º–µ–Ω–∏—Ç—ã–π –ø–∞–∫ –≤ —Ü–µ–Ω—Ç—Ä–µ –õ–æ–Ω–¥–æ–Ω–∞,"–ü—Ä–µ–∫—Ä–∞—Å–Ω—ã–π –ø–∞—Ä–∫ –≤ —Ü–µ–Ω—Ç—Ä–µ –≥–æ—Ä–æ–¥–∞, –ø—Ä–æ–≥—É–ª—è–≤—à–∏—Å—å  –æ –ì–∞–π–¥-–ø–∞—Ä–∫—É  –º–æ–∂–Ω–æ –ø–æ–ø–∞—Å—Ç—å –≤ –ö–µ–Ω—Å–∏–Ω–≥—Ç–æ–Ω—Å–∫–∏–µ —Å–∞–¥—ã, –∞ —Ç–∞–º –∏ –≤–æ –¥–≤–æ—Ä–µ—Ü (–æ –Ω–µ–º –≤ –¥—Ä—É–≥–æ–º –æ—Ç–∑—ã–≤–µ). –ú–æ–∂–Ω–æ –æ—Ç–¥–æ—Ö–Ω—É—Ç—å –Ω–∞ –±–µ—Ä–µ–≥—É –æ–∑–µ—Ä–∞, –∞—Ä–µ–Ω–¥–æ–≤–∞–≤ —à–µ–∑–ª–æ–Ω–≥, –∏–ª–∏ –ø–æ–∫–∞—Ç–∞—Ç—å—Å—è –Ω–∞ –∫–∞—Ç–∞–º–∞—Ä–∞–Ω–∞—Ö,–ø–æ–∫–æ—Ä–º–∏—Ç—å —Å —Ä—É–∫ –ª–µ–±–µ–¥–µ–π –∏–ª–∏ –ø—Ä–æ—Å—Ç–æ –ø–æ–≥—É–ª—è—Ç—å –ø–æ –¥–æ—Ä–æ–∂–∫–∞–º –≤–¥—ã—Ö–∞—è –∞—Ä–æ–º–∞—Ç —Ü–≤–µ—Ç–æ–≤."
5,–∏—é–Ω—å 2019 –≥. ‚Ä¢ –ü—É—Ç–µ—à–µ—Å—Ç–≤–∏–µ –≤ –æ–¥–∏–Ω–æ—á–∫—É,"5,0 –∏–∑ 5 –∫—Ä—É–∂–∫–æ–≤","–ü—Ä–µ–∫—Ä–∞—Å–Ω—ã–π –ø–∞—Ä–∫, –µ—Å—Ç—å –≥–¥–µ —Ä–∞–∑–≥—É–ª—è—Ç—å—Å—è","–ë—ã–ª–∞ –ø—Ä–µ–∫—Ä–∞—Å–Ω–∞—è –ø–æ–≥–æ–¥–∞, –æ—Ç–ª–∏—á–Ω–æ–µ –Ω–∞—Å—Ç—Ä–æ–µ–Ω–∏–µ. –ù–µ —Å–º–æ–≥–ª–∞ –æ—Ç–∫–∞–∑–∞—Ç—å —Å–µ–±–µ –≤ —É–¥–æ–≤–æ–ª—å—Å—Ç–≤–∏–∏ –ø—Ä–æ–≥—É–ª—è—Ç—å—Å—è –ø–æ –Ω–µ–º—É."
6,–∏—é–ª—å 2019 –≥. ‚Ä¢ –ë–∏–∑–Ω–µ—Å,"3,0 –∏–∑ 5 –∫—Ä—É–∂–∫–æ–≤",–ü–∞—Ä–∫,"–ï—Å–ª–∏ —á–µ—Å—Ç–Ω–æ –Ω–µ –æ—Å–æ–±–æ –ø–æ–Ω–∏–º–∞—é –≤–æ—Å—Ö–∏—â–µ–Ω–∏–π –æ –¥–∞–Ω–Ω–æ–º –º–µ—Å—Ç–µ. –ü–∞—Ä–∫ –∫–∞–∫ –ø–∞—Ä–∫. –í–µ–ª–æ–¥–æ—Ä–æ–∂–∫–∏, –¥–µ—Ä–µ–≤—å—è, –±–æ–ª—å—à–æ–µ –æ–∑–µ—Ä–æ —Å –æ–≥—Ä–æ–º–Ω—ã–º –∫–æ–ª–∏—á–µ—Å—Ç–≤–æ–º –ø—Ç–∏—Ü-–≥—É—Å–µ–π-–ª–µ–±–µ–¥–µ–π –∏ –∫–∞—Ç–∞–º–∞—Ä–∞–Ω–æ–≤ (–∫–æ–≥–¥–∞ –æ–Ω–∏ –∑–∞–Ω—è—Ç—ã –ª—é–¥—å–º–∏ –º–µ—Å—Ç–∞ –¥–ª—è –∫–∞—Ç–∞–Ω–∏—è –ø–æ—á—Ç–∏ –Ω–µ—Ç), –æ–±–∏–ª–∏–µ –ø–æ–ª—è–Ω–æ–∫ –¥–ª—è –æ—Ç–¥—ã—Ö–∞, —Å–∫–∞–º–µ–µ–∫, –∫–∞—Ñ–µ—à–µ–∫ –∏ –ø–ª–∞—Ç–Ω—ã—Ö —Å—Ç—É–ª—å–µ–≤-—à–µ–∑–ª–æ–Ω–≥–æ–≤.  –ò–∑–º–∞–π—Å–ª–æ–≤—Å–∫–∏–π –ø–∞—Ä–∫ –≤ –ú–æ—Å–∫–≤–µ –≥–æ—Ä–∞–∑–¥–æ –∫—Ä—É—á–µ, –ø—Ä–æ –ü–∞—Ä–∫ –ì–æ—Ä—å–∫–æ–≥–æ –≤–æ–æ–±—â–µ –º–æ–ª—á—É - –Ω–∏ –≤ –∫–∞–∫–æ–µ —Å—Ä–∞–≤–Ω–µ–Ω–∏–µ –Ω–µ –∏–¥–µ—Ç."
7,–∞–ø—Ä. 2019 –≥. ‚Ä¢ –î–ª—è –¥–≤–æ–∏—Ö,"5,0 –∏–∑ 5 –∫—Ä—É–∂–∫–æ–≤",–ì–æ—Ä–æ–¥—Å–∫–æ–π –ª–µ—Å,"–û–≥—Ä–æ–º–Ω–∞—è  –ª–µ—Å–æ–ø–∞—Ä–∫–æ–≤–∞—è –∑–æ–Ω–∞, –≤–µ–∫–æ–≤—ã–µ  –¥–µ—Ä–µ–≤—å—è, –∑–µ–ª–µ–Ω—ã–µ –≥–∞–∑–æ–Ω—ã, –∏ –ø—Ä–æ—Å—Ç–æ—Ä  –≤–æ–∫—Ä—É–≥.  –¢–∏—à–∏–Ω–∞  –∏  —Å–ø–æ–∫–æ–π—Å—Ç–≤–∏–µ,  —Ü–≤–µ—Ç—É—Ç  —è—Ä–∫–∏–º  –∫–æ–ª–µ—Ä–æ–º  —Ü–≤–µ—Ç—ã, –¥–µ—Ä–µ–≤—å—è  –∏  –∫—É—Å—Ç–∞—Ä–Ω–∏–∫–∏. –ü–∞—Ü–∞–Ω—ã  —Å—Ç–∞–≤—è—Ç  —Ä—é–∫–∑–∞–∫–∏  –≤–º–µ—Å—Ç–æ —Ñ—É—Ç–±–æ–ª—å–Ω—ã—Ö  –≤–æ—Ä–æ—Ç  –∏ –±—å—é—Ç—Å—è –Ω–∞ –¥–µ—Å—è—Ç–∫–∞—Ö –∏–º–ø—Ä–æ–≤–∏–∑–∏—Ä–æ–≤–∞–Ω–Ω—ã—Ö —Ñ—É—Ç–±–æ–ª—å–Ω—ã—Ö  –ø–æ–ª–µ–π. –í  –ø—Ä—É–¥–∞—Ö  –º–Ω–æ–∂–µ—Å—Ç–≤–æ –≤–æ–¥–æ–ø–ª–∞–≤–∞—é—â–∏—Ö  –ø—Ç–∏—Ü, –∑–¥–µ—Å—å –∏  –ª–µ–±–µ–¥–∏  –∏  —É—Ç–∫–∏  –∏  –Ω–µ—Å–∫–æ–ª—å–∫–æ  –≤–∏–¥–æ–≤  –≥—É—Å–µ–π, –≤—Å–µ  —Ä—É—á–Ω—ã–µ, –≤—Å–µ  –∫–æ—Ä–º—è—Ç—Å—è  –ø—Ä—è–º–æ  –∏–∑  —Ä—É–∫. –ü–∞–º—è—Ç–Ω–∏–∫–∏,–¥–≤–æ—Ä—Ü—ã. –ì—É–ª—è–µ—à—å –∏  –Ω–∏–∫–∞–∫ –Ω–µ  ""–Ω–∞–ø—å–µ—à—å—Å—è""  —Å–≤–µ–∂–µ–≥–æ  –≤–æ–∑–¥—É—Ö–∞"
8,–º–∞–π 2019 –≥. ‚Ä¢ –° –¥—Ä—É–∑—å—è–º–∏,"5,0 –∏–∑ 5 –∫—Ä—É–∂–∫–æ–≤",Nice Green Park ,"Nice park with some flowers üíê good for walking and for picnic üß∫ –ø–∞—Ä–∫ –Ω–∞—Ö–æ–¥–∏—Ç—Å—è –≤ —Ü–µ–Ω—Ç—Ä–µ –≥–æ—Ä–æ–¥–∞, —Ö–æ—Ä–æ—à–æ —Ç–∞–º –ø–æ–±—ã–≤–∞—Ç—å –≤ —Ö–æ—Ä–æ—à—É—é –ø–æ–≥–æ–¥—É. –ú–Ω–æ–≥–æ —Ä–∞–∑–Ω–æ–π –∂–∏–≤–Ω–æ—Å—Ç–∏ —Ç–∞–º –æ–±–∏—Ç–∞–µ—Ç. "
9,–º–∞—Ä—Ç 2019 –≥. ‚Ä¢ –° –¥—Ä—É–∑—å—è–º–∏,"5,0 –∏–∑ 5 –∫—Ä—É–∂–∫–æ–≤",–∑–¥–µ—Å—å –µ—Å—Ç—å –ø–æ–ø—É–≥–∞–π—á–∏–∫–∏,"—Å–æ–≤–µ—Ä—à–µ–Ω–Ω–æ —Å–ª—É—á–∞–π–Ω–æ –∑–∞—à–ª–∏ –≤ –ø–∞—Ä–∫. –±—ã–ª–∞ —Ö–æ—Ä–æ—à–∞—è –ø–æ–≥–æ–¥–∞, –º—ã —Ä–µ—à–∏–ª–∏ –ø–µ—Ä–µ–¥–æ—Ö–Ω—É—Ç—å –º–µ–∂–¥—É –ø–æ—Å–µ—â–µ–Ω–∏–µ–º –º—É–∑–µ—è –µ—Å—Ç –Ω–∞—É–∫ –∏ –≤–∏–∫—Ç–æ—Ä–∏–∏ –∏ –∞–ª—å–±–µ—Ä—Ç–∞ (10 –º–∏–Ω—É—Ç –ø–µ—à–∫–æ–º). –ø–∞—Ä–∫ –±–æ–ª—å—à–æ–π, –º–Ω–æ–∂–µ—Å—Ç–≤–æ –ª–µ–±–µ–¥–µ–π –∏ —É—Ç–æ—á–µ–∫, –±–µ–ª–æ—á–∫–∏. –∞ —Å–∞–º—ã–µ –∏–Ω—Ç–µ—Ä–µ—Å–Ω—ã–µ –∂–∏—Ç–µ–ª–∏ - —ç—Ç–æ –∑–µ–ª–µ–Ω—ã–µ –ø–æ–ø—É–≥–∞–π—á–∏–∫–∏, –∏ –µ—Å–ª–∏ –∏–∑–ª–æ–≤—á–∏—Ç—å—Å—è, —Ç–æ –º–æ–∂–Ω–æ –∏—Ö –ø–æ–∫–æ—Ä–º–∏—Ç—å)))"
0,–∞–≤–≥. 2020 –≥.,"5,0 –∏–∑ 5 –∫—Ä—É–∂–∫–æ–≤",–ú–Ω–æ–≥–æ —Å–∫—É–ª—å–ø—Ç—É—Ä –∏ –∏–Ω—Ç–µ—Ä–µ—Å–Ω—ã—Ö –∞—Ä—Ç-–æ–±—ä–µ–∫—Ç–æ–≤,"–ì–∞–π–¥-–ø–∞—Ä–∫ - —á–µ—Ç–≤–µ—Ä—Ç—ã–π –ø–æ —Ä–∞–∑–º–µ—Ä—É –∏–∑ –≤–æ—Å—å–º–∏ –∫–æ—Ä–æ–ª–µ–≤—Å–∫–∏—Ö –ø–∞—Ä–∫–æ–≤ –õ–æ–Ω–¥–æ–Ω–∞. –ú—ã –∂–∏–ª–∏ —Ä—è–¥–æ–º —Å –Ω–∏–º, –ø–æ—ç—Ç–æ–º—É –±—ã–≤–∞–ª–∏ –∑–¥–µ—Å—å —á–∞—Å—Ç–æ. –ü–æ—è–≤–∏–ª—Å—è –ø–∞—Ä–∫ –≤ 1872 –≥–æ–¥—É. –í –ø–∞—Ä–∫–µ –µ—Å—Ç—å –£–≥–æ–ª–æ–∫ –æ—Ä–∞—Ç–æ—Ä–æ–≤, –≥–¥–µ –≤ —Å–≤–æ–µ –≤—Ä–µ–º—è –≤—ã—Å—Ç—É–ø–∞–ª–∏ –ö–∞—Ä–ª –ú–∞—Ä–∫—Å –∏ –î–∂–æ—Ä–¥–∂ –û—Ä—É—ç–ª–ª. –ù–æ —Å–µ–π—á–∞—Å —Å—É–¥–∞ –ø—Ä–∏—Ö–æ–¥—è—Ç –≤ –æ—Å–Ω–æ–≤–Ω–æ–º –Ω–µ –º–∏—Ç–∏–Ω–≥–æ–≤–∞—Ç—å, –∞ –æ—Ç–¥–æ—Ö–Ω—É—Ç—å –Ω–∞ –ø—Ä–∏—Ä–æ–¥–µ. –í –ø–∞—Ä–∫–µ –ø—Ä—É–¥—ã, –ø–æ–ø—É–≥–∞–∏, –ª–µ–±–µ–¥–∏, –±–µ–ª–∫–∏, –º–Ω–æ–≥–æ —Å–∫—É–ª—å–ø—Ç—É—Ä –∏ –∏–Ω—Ç–µ—Ä–µ—Å–Ω—ã—Ö –∞—Ä—Ç-–æ–±—ä–µ–∫—Ç–æ–≤, —Ñ–æ–Ω—Ç–∞–Ω—ã, –∏ –¥–∞–∂–µ –∫–ª–∞–¥–±–∏—â–µ –¥–æ–º–∞—à–Ω–∏—Ö –∂–∏–≤–æ—Ç–Ω—ã—Ö 19 –≤–µ–∫–∞.–í—Ö–æ–¥ –±–µ—Å–ø–ª–∞—Ç–Ω—ã–π. –í–æ—Ä–æ—Ç–∞ –ø–∞—Ä–∫–∞ –æ—Ç–∫—Ä—ã–≤–∞—é—Ç—Å—è –µ–∂–µ–¥–Ω–µ–≤–Ω–æ –≤ 5 —É—Ç—Ä–∞ –∏ –∑–∞–∫—Ä—ã–≤–∞—é—Ç—Å—è –≤ –ø–æ–ª–Ω–æ—á—å."
1,–∞–≤–≥. 2020 –≥.,"5,0 –∏–∑ 5 –∫—Ä—É–∂–∫–æ–≤",–ü—Ä–µ–∫—Ä–∞—Å–Ω–æ–µ –º–µ—Å—Ç–æ –¥–ª—è –ø—Ä–æ–≥—É–ª–æ–∫,"–ú–æ–π –æ—Ç–µ–ª—å –Ω–∞—Ö–æ–¥–∏–ª—Å—è —Ä—è–¥–æ–º –∏ –ø–æ—Ç–æ–º—É –Ω–µ—Å–∫–æ–ª—å–∫–æ –¥–Ω–µ–π –º–æ–π –¥–µ–Ω—å –Ω–∞—á–∏–Ω–∞–ª—Å—è —Å –ø—Ä–æ–≥—É–ª–æ–∫ –ø–æ —ç—Ç–æ–º—É –ø–∞—Ä–∫—É - –æ–Ω –ª–µ–∂–∞–ª –Ω–∞ –ø—É—Ç–∏ –∫ –º–æ–∏–º —Ü–µ–ª—è–º –≤ –õ–æ–Ω–¥–æ–Ω–µ.–ü—Ä–µ–∫—Ä–∞—Å–Ω–æ–µ –º–µ—Å—Ç–æ –¥–ª—è –ø—Ä–æ–≥—É–ª–æ–∫. –°–≤–µ–∂–∞—è –µ–∂–µ–≤–∏–∫–∞, –ø—Ä–µ–∫—Ä–∞—Å–Ω—ã–µ –ø—Ä—É–¥—ã, –ø–æ–ø—É–≥–∞–∏ –±–µ–ª–∫–∏, –µ–¥—è—â–∏–µ —Å –≤–∞—à–∏—Ö —Ä—É–∫. –ü—Ä–µ–∫—Ä–∞—Å–Ω—ã–µ –ª—é–¥–∏.–û—â—É—â–µ–Ω–∏–µ –ø–æ–∫–æ—è –∏ –±–ª–∞–≥–æ–ø–æ–ª—É—á–∏—è, –±–µ–∑–æ–ø–∞—Å–Ω–æ—Å—Ç—å –∏ –∫—Ä–∞—Å–æ—Ç–∞.–ò—Å–∫—Ä–µ–Ω–Ω–µ —Ä–µ–∫–æ–º–µ–Ω–¥—É—é –¥–ª—è –ø–æ—Å–µ—â–µ–Ω–∏—è!"
2,–º–∞–π 2019 –≥.,"5,0 –∏–∑ 5 –∫—Ä—É–∂–∫–æ–≤",–ö–æ–º–∞–Ω–¥–∏—Ä–æ–≤–∫–∞,"–í –ì–∞–π–¥-–ø–∞—Ä–∫–µ —è –±—ã–ª–∞, –µ—Å–ª–∏ –Ω–µ –æ—à–∏–±–∞—é—Å—å —Ä–∞–∑ 6 –∏–ª–∏ 7, –∑–∞–º–µ—á–∞—Ç–µ–ª—å–Ω–æ–µ –º–µ—Å—Ç–æ, –Ω–µ–æ–±—ã–∫–Ω–æ–≤–µ–Ω–Ω–æ–µ, —á–∏—Å—Ç–æ, –ø—Ä–∏—è—Ç–Ω–æ –ø–æ—Ö–æ–¥–∏—Ç—å –∏ –ø–æ–∫–æ—Ä–º–∏—Ç—å –±–µ–ª–æ–∫, –∞ –≤ –º–∞–µ 2019 –≥–æ–¥–∞ –º—ã –ø–æ–ø–∞–ª–∏ –Ω–∞ –ø—Ä–∞–∑–¥–Ω–∏–∫–∏, –∏ –≤ –ì–∞–π–¥-–ø–∞—Ä–∫–µ –±—ã–ª–æ –æ—á–µ–Ω—å –º–Ω–æ–≥–æ –Ω–∞—Ä–æ–¥—É, —Å –¥–µ—Ç—å–º–∏, –º–Ω–æ–≥–∏–µ —Ä–∞—Å–ø–æ–ª–æ–∂–∏–ª–∏—Å—å –Ω–∞ –ª—É–∂–∞–π–∫–∞—Ö, —Ç–∞–∫ –∫–∞–∫ –±—ã–ª–æ –∂–∞—Ä–∫–æ. –ú—ã —Ç–∞–∫–∂–µ –ø—Ä–æ—à–ª–∏—Å—å –ø–æ –ø–∞—Ä–∫—É, –ø–æ—Å–º–æ—Ç—Ä–µ–ª–∏ –Ω–∞ —É—Ç–æ–∫, –≥–æ–ª—É–±–µ–π, –Ω–∞ –æ—Ç–¥—ã—Ö–∞—é—â–∏—Ö —Å —Å–µ–º—å—è–º–∏. –¢–∞–∫–∂–µ –∏–Ω—Ç–µ—Ä–µ—Å–Ω–æ –ø—Ä–æ–π—Ç–∏—Å—å –ø–æ –ø–∞—Ä–∫—É –∏ –ø–æ—Å–º–æ—Ç—Ä–µ—Ç—å –Ω–∞ –∫—Ä–∞—Å–∏–≤—ã–µ –¥–µ—Ä–µ–≤—å—è, –∫—É—Å—Ç–∞—Ä–Ω–∏–∫–∏ –∏ —Ü–≤–µ—Ç—ã, –∫–æ—Ç–æ—Ä—ã—Ö –Ω–µ—Ç –≤ –£–∑–±–µ–∫–∏—Å—Ç–∞–Ω–µ, —Ä–µ–∫–æ–º–µ–Ω–¥—É—é."
3,–º–∞—Ä—Ç 2020 –≥. ‚Ä¢ –ü—É—Ç–µ—à–µ—Å—Ç–≤–∏–µ –≤ –æ–¥–∏–Ω–æ—á–∫—É,"5,0 –∏–∑ 5 –∫—Ä—É–∂–∫–æ–≤",–ë–æ–ª—å—à–æ–π –∫—Ä–∞—Å–∏–≤—ã–π –ø–∞—Ä–∫,"–û—á–µ–Ω—å –∫—Ä–∞—Å–∏–≤—ã–π –ø–∞—Ä–∫, –≥–¥–µ –º–Ω–æ–≥–æ –±–µ–ª–æ—á–µ–∫, –ø–æ–ø—É–≥–∞–µ–≤ –∏ —Ä–∞–∑–Ω—ã—Ö –¥—Ä—É–≥–∏—Ö –ø—Ç–∏—Ü) –Ω–µ –∑–∞–±—É–¥—å—Ç–µ –≤–∑—è—Ç—å –≤—Å—è–∫–∏–µ –≤–∫—É—Å–Ω—è—à–∫–∏)) –ø–æ—Ç–æ–º—É —á—Ç–æ –º–æ–∂–Ω–æ –ø—Ä–∏–º–∞–Ω–∏—Ç—å –∏—Ö —Å–µ–±–µ –Ω–∞ —Ä—É–∫—É –∏ –Ω–µ —Ç–æ–ª—å–∫–æ –¥–µ—Ç–∏, –Ω–æ –∏ –≤–∑—Ä–æ—Å–ª—ã–µ –ø—Ä–∏—Ö–æ–¥—è—Ç –≤ –≤–æ—Å—Ç–æ—Ä–≥)) –µ—Å—Ç—å –æ–∑–µ—Ä–æ, –º–æ–Ω—É–º–µ–Ω—Ç –ø—Ä–∏–Ω—Ü–µ—Å—Å–µ –î–∏–∞–Ω–µ, –∫–∞—Ñ–µ—à–∫–∏ –∏ –ª–∞–≤–æ—á–∫–∏ –¥–ª—è –æ—Ç–¥—ã—Ö–∞) –æ—Ç–ª–∏—á–Ω–æ–µ –º–µ—Å—Ç–æ –¥–ª—è –ø–∏–∫–Ω–∏–∫–∞ –≤ —Ç—ë–ø–ª–æ–µ –≤—Ä–µ–º—è) "
4,—Ñ–µ–≤—Ä. 2020 –≥.,"5,0 –∏–∑ 5 –∫—Ä—É–∂–∫–æ–≤",–ó–∞—Ä—è–¥–∏—Å—å —ç–Ω–µ—Ä–≥–∏–µ–π,"–û–¥–Ω–æ –∏–∑ –º–æ–∏—Ö –ª—é–±–∏–º—ã—Ö –º–µ—Å—Ç –õ–æ–Ω–¥–æ–Ω–∞. –ü—Ä–æ–≥—É–ª–∫–∞ –ø–æ –ø–∞—Ä–∫—É –∑–∞—Ä—è–∂–∞–µ—Ç —ç–Ω–µ—Ä–≥–∏–µ–π –∏ –ø–æ–∑–∏—Ç–∏–≤–æ–º –Ω–∞ –≤–µ—Å—å –¥–µ–Ω—å. –ü–∞—Ä–∫ –ø—Ä–µ–∫—Ä–∞—Å–µ–Ω –∫–∞–∫ –Ω–∞ –≤–æ—Å—Ö–æ–¥–µ, —Ç–∞–∫ –∏ –≤ –ø–æ–ª—É–¥–µ–Ω–Ω—ã–µ —á–∞—Å—ã. –†–µ–∫–æ–º–µ–Ω–¥—É—é –æ—Å–æ–±–æ–µ –≤–Ω–∏–º–∞–Ω–∏–µ —É–¥–µ–ª–∏—Ç—å –º–æ–Ω—É–º–µ–Ω—Ç—É –ê–ª—å–±–µ—Ä—Ç–∞, –ø—Ä—É–¥–∞–º –∏ –ø–æ—Ç—Ä—è—Å–∞—é—â–∏–º –±–µ–ª–∫–∞–º, –∫–æ—Ç–æ—Ä—ã—Ö –≤ –ø–∞—Ä–∫–µ –æ—á–µ–Ω—å –º–Ω–æ–≥–æ. "
5,—è–Ω–≤. 2020 –≥.,"5,0 –∏–∑ 5 –∫—Ä—É–∂–∫–æ–≤",–ö—Ä–∞—Å–∏–≤—ã–π –∞–Ω–≥–ª–∏–π—Å–∫–∏–π –ø–∞—Ä–∫,–ü–∞—Ä–∫ –≤ —Ü–µ–Ω—Ç—Ä–µ –õ–æ–Ω–¥–æ–Ω–∞ —Å –±–æ–ª—å—à–∏–º –æ–∑–µ—Ä–æ–º. –ï—Å—Ç—å –ª–æ–¥–æ—á–Ω–∞—è —Å—Ç–∞–Ω—Ü–∏—è. –û–≥—Ä–æ–º–Ω—ã–µ –ø–∞—Ä—Ç–µ—Ä—ã. –ï—Å—Ç—å —Ü–≤–µ—Ç–Ω–∏–∫–∏ –∏ —Ç–µ–Ω–∏—Å—Ç—ã–µ –∞–ª–ª–µ–∏. –° –æ–¥–Ω–æ–π —Å—Ç–æ—Ä–æ–Ω—ã –ø–∞—Ä–∫ –ø—Ä–∏–º—ã–∫–∞–µ—Ç –∫ –æ–¥–Ω–æ–º—É –∏–∑ –∫–æ—Ä–æ–ª–µ–≤—Å–∫–∏—Ö –¥–≤–æ—Ä—Ü–æ–≤ –∏ –∫–æ—Ä–æ–ª–µ–≤—Å–∫–æ–º—É —Å–∞–¥—É —Å –æ—Ä–∞–Ω–∂–µ—Ä–µ–µ–π. –í –ø–∞—Ä–∫–µ –µ—Å—Ç—å –ø–ª–æ—â–∞–¥–∫–∞ —Å –∞—Ç—Ç—Ä–∞–∫—Ü–∏–æ–Ω–∞–º–∏ –∏ –∫–æ–ª–µ—Å–æ–º –æ–±–æ–∑—Ä–µ–Ω–∏—è. –í –ø–∞—Ä–∫–µ –æ—Ç–∫—Ä—ã—Ç –º–µ–º–æ—Ä–∏–∞–ª –ø–∞–º—è—Ç–∏ –ø—Ä–∏–Ω—Ü–µ—Å—Å—ã –î–∏–∞–Ω—ã. 
6,—Å–µ–Ω—Ç. 2019 –≥.,"5,0 –∏–∑ 5 –∫—Ä—É–∂–∫–æ–≤",–ì—É–ª—è—é –≤—Å–µ–≥–¥–∞ —Å –ø–∏–∫–Ω–∏–∫–æ–º,"–ì–∞–π–¥ –ø–∞—Ä–∫ –ª—é–±–ª—é! –ò –≤ –∫–∞–∂–¥—É—é —Å–≤–æ—é –ø–æ–µ–∑–¥–∫—É —Å—Ç–∞—Ä–∞—é—Å—å –≤—ã–±—Ä–∞—Ç—å—Å—è –≤ —ç—Ç–æ—Ç –ø–∞—Ä–∫ –Ω–∞ –ø–∏–∫–Ω–∏–∫, —Å –ø–ª–µ–¥–∏–∫–æ–º –∏–ª–∏ –±–µ–∑, –ø—Ä–æ—Å—Ç–æ –Ω–∞ –∫—Ä–µ—Å–ª–µ –ø–æ—Å–∏–¥–µ—Ç—å —Å –±—É—Ç–µ—Ä–±—Ä–æ–¥–æ–º. –õ—é–±–ª—é –µ–≥–æ –ø–æ—á–µ–º—É-—Ç–æ –±–æ–ª—å—à–µ –¥—Ä—É–≥–∏—Ö –ø–∞—Ä–∫–æ–≤ –∑–∞ –æ—Å–æ–±—É—é –∞—Ç–º–æ—Å—Ñ–µ—Ä—É! –ò –∫–æ—Ä–º–ª—é –±–µ–ª–æ–∫ –≤—Å–µ–≥–¥–∞ )"
7,—Å–µ–Ω—Ç. 2019 –≥. ‚Ä¢ –° –¥—Ä—É–∑—å—è–º–∏,"5,0 –∏–∑ 5 –∫—Ä—É–∂–∫–æ–≤",–û—Ç–ª–∏—á–Ω–æ. ,"–®–∏–∫–∞—Ä–Ω—ã–π –ø–∞—Ä–∫, —Å —Ö–æ—Ä–æ—à–∏–º–∏ –¥–æ—Ä–æ–∂–∫–∞–º–∏ –∏ –≤–æ–¥–æ–µ–º–∞–º–∏! –û—á–µ–Ω—å —á–∏—Å—Ç–æ. –õ—é–¥–∏ –æ—Ç–¥—ã—Ö–∞—é—Ç –ø—Ä—è–º–æ –Ω–∞ —Ç—Ä–∞–≤–µ :) –ö—Ä—É–≥–æ–º –±–µ–≥–∞—é—Ç –±–µ–ª–∫–∏, —á—Ç–æ –¥–ª—è –ª—é–¥–µ–π –∏–∑ —Å—Ç—Ä–∞–Ω –°–ù–ì - –ø–æ—Ä–∞–∑–∏—Ç–µ–ª—å–Ω–æ! "
8,—è–Ω–≤. 2019 –≥.,"5,0 –∏–∑ 5 –∫—Ä—É–∂–∫–æ–≤",–ì–∞–π–¥ –ø–∞—Ä–∫,"–ü—Ä–∏ –ø–æ—Å–µ—â–µ–Ω–∏—è –õ–æ–Ω–¥–æ–Ω–∞ –æ–±—è–∑–∞—Ç–µ–ª—å–Ω–æ –Ω—É–∂–Ω–æ –ø–æ—Å–µ—Ç–∏—Ç—å –ì–∞–π–¥-–ü–∞—Ä–∫. –Ø –∫–æ–≥–¥–∞ –ø—Ä–∏–ª–µ—Ç–∞—é –≤ –õ–æ–Ω–¥–æ–Ω, –≤—Å–µ–≥–¥–∞ –ø—Ä–∏—Ö–æ–∂—É –≤ –ü–∞—Ä–∫, –∑–∞—Ö–æ–∂—É –≤ –∫–∞—Ñ–µ —É –ø—Ä—É–¥–∞, –±–µ—Ä—É –∫–æ—Ñ–µ, –ø–∏—Ä–æ–∂–Ω–æ–µ –∏ –∏–¥—É –∫ —Ç—Ä–∞–≤–µ. –í –ª—é–±–æ–º –º–µ—Å—Ç–µ –º–æ–∂–Ω–æ —Å–µ—Å—Ç—å –∏–ª–∏ –ª–µ—á—å –∏ –ø—Ä–æ—Å—Ç–æ –æ—Ç–¥—ã—Ö–∞—Ç—å, —á–∏—Ç–∞—Ç—å –∫–Ω–∏–≥—É, –æ–±—â–∞—Ç—å—Å—è —Å –¥—Ä—É–∑—å—è–º–∏ –∏–ª–∏ –ø—Ä–æ—Å—Ç–æ –ª–µ–∂–∞—Ç—å –∏ –º–µ—á—Ç–∞—Ç—å/ –≠–Ω–µ—Ä–≥–µ—Ç–∏—á–µ—Å–∫–∏ –æ—á–µ–Ω—å –ø—Ä–∏—è—Ç–Ω–æ–µ –º–µ—Å—Ç–æ. –ü–æ —É—Ç—Ä–∞–º –∏–Ω–æ–≥–¥–∞ –±–µ–≥–∞—é."
9,–∏—é–Ω—å 2019 –≥.,"5,0 –∏–∑ 5 –∫—Ä—É–∂–∫–æ–≤",–ó–∞–º–µ—á–∞—Ç–µ–ª—å–Ω–æ!,"Speaker's corner in Hyde Park -–æ–∂–∏–¥–∞–ª–∞ —É–≤–∏–¥–µ—Ç—å –∫–∞–∫–æ–µ-—Ç–æ –≤–æ–∑–≤—ã—à–µ–Ω–∏–µ –∏–∑ –∫–∞–º–Ω—è, —Ç–∏–ø–∞ –∫–æ—Ä–æ–±–∫–∏. –ù–æ —ç—Ç–æ –ø—Ä–ø–æ—Å—Ç–æ –º–∞–ª–µ–Ω—å–∫–æ–µ –∫–∞—Ñ–µ, –≥–¥–µ –º–æ–∂–Ω–æ –ø–æ—Å–∏–¥–µ—Ç—å –∏ –æ–±—Å—É–¥–∏—Ç—å –Ω–æ–≤–æ—Å—Ç–∏."
0,–Ω–æ—è–±. 2019 –≥. ‚Ä¢ –°–µ–º–µ–π–Ω—ã–π –æ—Ç–¥—ã—Ö,"5,0 –∏–∑ 5 –∫—Ä—É–∂–∫–æ–≤",–ò –æ—Å–µ–Ω—å—é –ì–∞–π–¥-–ü–∞—Ä–∫ –ø—Ä–µ–∫—Ä–∞—Å–µ–Ω,"–ú–µ—Å—Ç–æ –¥–ª—è —Å–æ–∑–µ—Ä—Ü–∞–Ω–∏—è –ø—Ä–∏—Ä–æ–¥—ã, –≥–¥–µ –Ω–µ —Ö–æ—á–µ—Ç—Å—è –Ω–∏–∫—É–¥–∞ —Ç–æ—Ä–æ–ø–∏—Ç—å—Å—è. –í–µ–¥–∏—á–µ—Å—Ç–≤–µ–Ω–Ω—ã–π –∞–Ω–≥–ª–∏–π—Å–∫–∏–π –ø–∞—Ä–∫. –ú–Ω–æ–≥–æ –ø—Ä–∞–∫—Ç–∏—á–µ—Å–∫–∏ —Ä—É—á–Ω—ã—Ö –∂–∏–≤–æ—Ç–Ω—ã—Ö: –±–µ–ª–∫–∏, –ª–µ–±–µ–¥–∏, —É—Ç–∫–∏. –í–æ–∑—å–º–∏—Ç–µ —Å —Å–æ–±–æ–π —Ö–ª–µ–±. –ñ–∏–≤–æ—Ç–Ω—ã–µ –ø–æ–¥—Ö–æ–¥—è—Ç —Å–æ–≤—Å–µ–º –±–ª–∏–∑–∫–æ. "
1,–æ–∫—Ç. 2019 –≥. ‚Ä¢ –°–µ–º–µ–π–Ω—ã–π –æ—Ç–¥—ã—Ö,"5,0 –∏–∑ 5 –∫—Ä—É–∂–∫–æ–≤","–ó–∞–±–æ—Ä–æ–≤ –Ω–µ—Ç, –ø—Ç–∏—Ü—ã –Ω–µ –ø—É–≥–∞–Ω—ã, —Å–≤–æ–±–æ–¥–∞...","–î–ª—è –ø—Ä–æ–≥—É–ª–æ–∫, —Å–æ–∑–µ—Ä—Ü–∞–Ω–∏—è, —Å–ø–æ—Ä—Ç–∞ –∏ –æ—Ç–¥—ã—Ö–∞.–ü–∞—Ä–∫ –∏–¥–µ–∞–ª—å–Ω–æ –≤–ø–∏—Å–∞–Ω –≤ –≥–æ—Ä–æ–¥—Å–∫—É—é —Å—Ä–µ–¥—É, –∑–∞–±–æ—Ä–æ–≤ –Ω–µ—Ç, –æ—á–µ–Ω—å –∫—Ä–∞—Å–∏–≤–æ!"
2,–º–∞—Ä—Ç 2019 –≥.,"4,0 –∏–∑ 5 –∫—Ä—É–∂–∫–æ–≤",–ö—É–ª—å—Ç–æ–≤–æ–µ –º–µ—Å—Ç–æ,"–î–ª—è –º–µ–Ω—è —ç—Ç–æ –∞—Å—Å–æ—Ü–∏–∞—Ü–∏—è —Å —Å–∞–º—ã–º –º–∞—Å—à—Ç–∞–±–Ω—ã–º –∫–æ–Ω—Ü–µ—Ä—Ç–æ–º –≥—Ä—É–ø–ø—ã Queen. –ö–æ–≥–¥–∞ –ø–æ—Å–µ—â–∞–ª–∏ —ç—Ç–æ –º–µ—Å—Ç–æ –ø—Ä–æ—Ö–æ–¥–∏–ª–∞ –¥–µ–º–æ–Ω—Å—Ç—Ä–∞—Ü–∏—è –ø—Ä–æ—Ç–∏–≤ Brexit, –ø–æ—ç—Ç–æ–º –∫–∞–∫ —Å–ª–µ–¥—É–µ—Ç –ø—Ä–æ–≥—É–ª—è—Ç—å—Å—è –∏ –ø–æ–Ω—è—Ç—å, —á—Ç–æ –∏–∑ —Å–µ–±—è –ø—Ä–µ–¥—Å—Ç–∞–≤–ª—è–µ—Ç –ø–∞—Ä–∫ –Ω–µ –ø–æ–ª—É—á–∏–ª–æ—Å—å. –ù–æ —ç—Ç–æ –º–µ—Å—Ç–æ, –∫–∞–∫ —è –ø–æ–Ω—è–ª, –Ω–µ –¥–ª—è –ø—Ä–æ–≥—É–ª–æ–∫."
3,–∞–≤–≥. 2019 –≥.,"5,0 –∏–∑ 5 –∫—Ä—É–∂–∫–æ–≤",–ó–µ–ª–µ–Ω–æ,"–æ—Ç–ª–∏—á–Ω–æ–µ –∑–µ–ª–µ–Ω–æ–µ –º–µ—Å—Ç–æ –≤ —Ü–µ–Ω—Ç—Ä–µ –≥–æ—Ä–æ–¥–∞. –ü—Ä–∏—è—Ç–Ω–æ –ø–æ–≥—É–ª—è—Ç—å –≤ –ö–µ–Ω—Å–∏–Ω–≥—Ç–æ–Ω—Å–∫–æ–º –¥–≤–æ—Ä—Ü–µ ,–æ–±–æ–π—Ç–∏ –ú—Ä–∞–º–æ—Ä–Ω—É—é –∞—Ä–∫—É ,–ø–æ–ª—é–±–æ–≤–∞—Ç—å—Å—è –º–µ–º–æ—Ä–∏–∞–ª–æ–º –ø—Ä–∏–Ω—Ü–∞ –ê–ª—å–±–µ—Ä—Ç–∞ –∏ –ê–ª—å–±–µ—Ä—Ç –•–æ–ª–ª–æ–º ,–ú–µ–º–æ—Ä–∏–∞–ª–æ–º –ø—Ä–∏–Ω—Ü–µ—Å—Å—ã –î–∏–∞–Ω—ã,–∞ –ø–æ—Ç–æ–º –ø–æ–≤–∞–ª—è—Ç—å—Å—è –Ω–∞ –º—è–≥–∫–æ–π ,—á–∏—Å—Ç–æ–π ,–∑–µ–ª–µ–Ω–æ–π —Ç—Ä–∞–≤–∫–µ."
4,–∞–≤–≥. 2019 –≥.,"5,0 –∏–∑ 5 –∫—Ä—É–∂–∫–æ–≤",–ó–Ω–∞–º–µ–Ω–∏—Ç—ã–π –ø–∞–∫ –≤ —Ü–µ–Ω—Ç—Ä–µ –õ–æ–Ω–¥–æ–Ω–∞,"–ü—Ä–µ–∫—Ä–∞—Å–Ω—ã–π –ø–∞—Ä–∫ –≤ —Ü–µ–Ω—Ç—Ä–µ –≥–æ—Ä–æ–¥–∞, –ø—Ä–æ–≥—É–ª—è–≤—à–∏—Å—å  –æ –ì–∞–π–¥-–ø–∞—Ä–∫—É  –º–æ–∂–Ω–æ –ø–æ–ø–∞—Å—Ç—å –≤ –ö–µ–Ω—Å–∏–Ω–≥—Ç–æ–Ω—Å–∫–∏–µ —Å–∞–¥—ã, –∞ —Ç–∞–º –∏ –≤–æ –¥–≤–æ—Ä–µ—Ü (–æ –Ω–µ–º –≤ –¥—Ä—É–≥–æ–º –æ—Ç–∑—ã–≤–µ). –ú–æ–∂–Ω–æ –æ—Ç–¥–æ—Ö–Ω—É—Ç—å –Ω–∞ –±–µ—Ä–µ–≥—É –æ–∑–µ—Ä–∞, –∞—Ä–µ–Ω–¥–æ–≤–∞–≤ —à–µ–∑–ª–æ–Ω–≥, –∏–ª–∏ –ø–æ–∫–∞—Ç–∞—Ç—å—Å—è –Ω–∞ –∫–∞—Ç–∞–º–∞—Ä–∞–Ω–∞—Ö,–ø–æ–∫–æ—Ä–º–∏—Ç—å —Å —Ä—É–∫ –ª–µ–±–µ–¥–µ–π –∏–ª–∏ –ø—Ä–æ—Å—Ç–æ –ø–æ–≥—É–ª—è—Ç—å –ø–æ –¥–æ—Ä–æ–∂–∫–∞–º –≤–¥—ã—Ö–∞—è –∞—Ä–æ–º–∞—Ç —Ü–≤–µ—Ç–æ–≤."
5,–∏—é–Ω—å 2019 –≥. ‚Ä¢ –ü—É—Ç–µ—à–µ—Å—Ç–≤–∏–µ –≤ –æ–¥–∏–Ω–æ—á–∫—É,"5,0 –∏–∑ 5 –∫—Ä—É–∂–∫–æ–≤","–ü—Ä–µ–∫—Ä–∞—Å–Ω—ã–π –ø–∞—Ä–∫, –µ—Å—Ç—å –≥–¥–µ —Ä–∞–∑–≥—É–ª—è—Ç—å—Å—è","–ë—ã–ª–∞ –ø—Ä–µ–∫—Ä–∞—Å–Ω–∞—è –ø–æ–≥–æ–¥–∞, –æ—Ç–ª–∏—á–Ω–æ–µ –Ω–∞—Å—Ç—Ä–æ–µ–Ω–∏–µ. –ù–µ —Å–º–æ–≥–ª–∞ –æ—Ç–∫–∞–∑–∞—Ç—å —Å–µ–±–µ –≤ —É–¥–æ–≤–æ–ª—å—Å—Ç–≤–∏–∏ –ø—Ä–æ–≥—É–ª—è—Ç—å—Å—è –ø–æ –Ω–µ–º—É."
6,–∏—é–ª—å 2019 –≥. ‚Ä¢ –ë–∏–∑–Ω–µ—Å,"3,0 –∏–∑ 5 –∫—Ä—É–∂–∫–æ–≤",–ü–∞—Ä–∫,"–ï—Å–ª–∏ —á–µ—Å—Ç–Ω–æ –Ω–µ –æ—Å–æ–±–æ –ø–æ–Ω–∏–º–∞—é –≤–æ—Å—Ö–∏—â–µ–Ω–∏–π –æ –¥–∞–Ω–Ω–æ–º –º–µ—Å—Ç–µ. –ü–∞—Ä–∫ –∫–∞–∫ –ø–∞—Ä–∫. –í–µ–ª–æ–¥–æ—Ä–æ–∂–∫–∏, –¥–µ—Ä–µ–≤—å—è, –±–æ–ª—å—à–æ–µ –æ–∑–µ—Ä–æ —Å –æ–≥—Ä–æ–º–Ω—ã–º –∫–æ–ª–∏—á–µ—Å—Ç–≤–æ–º –ø—Ç–∏—Ü-–≥—É—Å–µ–π-–ª–µ–±–µ–¥–µ–π –∏ –∫–∞—Ç–∞–º–∞—Ä–∞–Ω–æ–≤ (–∫–æ–≥–¥–∞ –æ–Ω–∏ –∑–∞–Ω—è—Ç—ã –ª—é–¥—å–º–∏ –º–µ—Å—Ç–∞ –¥–ª—è –∫–∞—Ç–∞–Ω–∏—è –ø–æ—á—Ç–∏ –Ω–µ—Ç), –æ–±–∏–ª–∏–µ –ø–æ–ª—è–Ω–æ–∫ –¥–ª—è –æ—Ç–¥—ã—Ö–∞, —Å–∫–∞–º–µ–µ–∫, –∫–∞—Ñ–µ—à–µ–∫ –∏ –ø–ª–∞—Ç–Ω—ã—Ö —Å—Ç—É–ª—å–µ–≤-—à–µ–∑–ª–æ–Ω–≥–æ–≤.  –ò–∑–º–∞–π—Å–ª–æ–≤—Å–∫–∏–π –ø–∞—Ä–∫ –≤ –ú–æ—Å–∫–≤–µ –≥–æ—Ä–∞–∑–¥–æ –∫—Ä—É—á–µ, –ø—Ä–æ –ü–∞—Ä–∫ –ì–æ—Ä—å–∫–æ–≥–æ –≤–æ–æ–±—â–µ –º–æ–ª—á—É - –Ω–∏ –≤ –∫–∞–∫–æ–µ —Å—Ä–∞–≤–Ω–µ–Ω–∏–µ –Ω–µ –∏–¥–µ—Ç."
7,–∞–ø—Ä. 2019 –≥. ‚Ä¢ –î–ª—è –¥–≤–æ–∏—Ö,"5,0 –∏–∑ 5 –∫—Ä—É–∂–∫–æ–≤",–ì–æ—Ä–æ–¥—Å–∫–æ–π –ª–µ—Å,"–û–≥—Ä–æ–º–Ω–∞—è  –ª–µ—Å–æ–ø–∞—Ä–∫–æ–≤–∞—è –∑–æ–Ω–∞, –≤–µ–∫–æ–≤—ã–µ  –¥–µ—Ä–µ–≤—å—è, –∑–µ–ª–µ–Ω—ã–µ –≥–∞–∑–æ–Ω—ã, –∏ –ø—Ä–æ—Å—Ç–æ—Ä  –≤–æ–∫—Ä—É–≥.  –¢–∏—à–∏–Ω–∞  –∏  —Å–ø–æ–∫–æ–π—Å—Ç–≤–∏–µ,  —Ü–≤–µ—Ç—É—Ç  —è—Ä–∫–∏–º  –∫–æ–ª–µ—Ä–æ–º  —Ü–≤–µ—Ç—ã, –¥–µ—Ä–µ–≤—å—è  –∏  –∫—É—Å—Ç–∞—Ä–Ω–∏–∫–∏. –ü–∞—Ü–∞–Ω—ã  —Å—Ç–∞–≤—è—Ç  —Ä—é–∫–∑–∞–∫–∏  –≤–º–µ—Å—Ç–æ —Ñ—É—Ç–±–æ–ª—å–Ω—ã—Ö  –≤–æ—Ä–æ—Ç  –∏ –±—å—é—Ç—Å—è –Ω–∞ –¥–µ—Å—è—Ç–∫–∞—Ö –∏–º–ø—Ä–æ–≤–∏–∑–∏—Ä–æ–≤–∞–Ω–Ω—ã—Ö —Ñ—É—Ç–±–æ–ª—å–Ω—ã—Ö  –ø–æ–ª–µ–π. –í  –ø—Ä—É–¥–∞—Ö  –º–Ω–æ–∂–µ—Å—Ç–≤–æ –≤–æ–¥–æ–ø–ª–∞–≤–∞—é—â–∏—Ö  –ø—Ç–∏—Ü, –∑–¥–µ—Å—å –∏  –ª–µ–±–µ–¥–∏  –∏  —É—Ç–∫–∏  –∏  –Ω–µ—Å–∫–æ–ª—å–∫–æ  –≤–∏–¥–æ–≤  –≥—É—Å–µ–π, –≤—Å–µ  —Ä—É—á–Ω—ã–µ, –≤—Å–µ  –∫–æ—Ä–º—è—Ç—Å—è  –ø—Ä—è–º–æ  –∏–∑  —Ä—É–∫. –ü–∞–º—è—Ç–Ω–∏–∫–∏,–¥–≤–æ—Ä—Ü—ã. –ì—É–ª—è–µ—à—å –∏  –Ω–∏–∫–∞–∫ –Ω–µ  ""–Ω–∞–ø—å–µ—à—å—Å—è""  —Å–≤–µ–∂–µ–≥–æ  –≤–æ–∑–¥—É—Ö–∞"
8,–º–∞–π 2019 –≥. ‚Ä¢ –° –¥—Ä—É–∑—å—è–º–∏,"5,0 –∏–∑ 5 –∫—Ä—É–∂–∫–æ–≤",Nice Green Park ,"Nice park with some flowers üíê good for walking and for picnic üß∫ –ø–∞—Ä–∫ –Ω–∞—Ö–æ–¥–∏—Ç—Å—è –≤ —Ü–µ–Ω—Ç—Ä–µ –≥–æ—Ä–æ–¥–∞, —Ö–æ—Ä–æ—à–æ —Ç–∞–º –ø–æ–±—ã–≤–∞—Ç—å –≤ —Ö–æ—Ä–æ—à—É—é –ø–æ–≥–æ–¥—É. –ú–Ω–æ–≥–æ —Ä–∞–∑–Ω–æ–π –∂–∏–≤–Ω–æ—Å—Ç–∏ —Ç–∞–º –æ–±–∏—Ç–∞–µ—Ç. "
9,–º–∞—Ä—Ç 2019 –≥. ‚Ä¢ –° –¥—Ä—É–∑—å—è–º–∏,"5,0 –∏–∑ 5 –∫—Ä—É–∂–∫–æ–≤",–∑–¥–µ—Å—å –µ—Å—Ç—å –ø–æ–ø—É–≥–∞–π—á–∏–∫–∏,"—Å–æ–≤–µ—Ä—à–µ–Ω–Ω–æ —Å–ª—É—á–∞–π–Ω–æ –∑–∞—à–ª–∏ –≤ –ø–∞—Ä–∫. –±—ã–ª–∞ —Ö–æ—Ä–æ—à–∞—è –ø–æ–≥–æ–¥–∞, –º—ã —Ä–µ—à–∏–ª–∏ –ø–µ—Ä–µ–¥–æ—Ö–Ω—É—Ç—å –º–µ–∂–¥—É –ø–æ—Å–µ—â–µ–Ω–∏–µ–º –º—É–∑–µ—è –µ—Å—Ç –Ω–∞—É–∫ –∏ –≤–∏–∫—Ç–æ—Ä–∏–∏ –∏ –∞–ª—å–±–µ—Ä—Ç–∞ (10 –º–∏–Ω—É—Ç –ø–µ—à–∫–æ–º). –ø–∞—Ä–∫ –±–æ–ª—å—à–æ–π, –º–Ω–æ–∂–µ—Å—Ç–≤–æ –ª–µ–±–µ–¥–µ–π –∏ —É—Ç–æ—á–µ–∫, –±–µ–ª–æ—á–∫–∏. –∞ —Å–∞–º—ã–µ –∏–Ω—Ç–µ—Ä–µ—Å–Ω—ã–µ –∂–∏—Ç–µ–ª–∏ - —ç—Ç–æ –∑–µ–ª–µ–Ω—ã–µ –ø–æ–ø—É–≥–∞–π—á–∏–∫–∏, –∏ –µ—Å–ª–∏ –∏–∑–ª–æ–≤—á–∏—Ç—å—Å—è, —Ç–æ –º–æ–∂–Ω–æ –∏—Ö –ø–æ–∫–æ—Ä–º–∏—Ç—å)))"
0,–∞–≤–≥. 2020 –≥.,"5,0 –∏–∑ 5 –∫—Ä—É–∂–∫–æ–≤",–ú–Ω–æ–≥–æ —Å–∫—É–ª—å–ø—Ç—É—Ä –∏ –∏–Ω—Ç–µ—Ä–µ—Å–Ω—ã—Ö –∞—Ä—Ç-–æ–±—ä–µ–∫—Ç–æ–≤,"–ì–∞–π–¥-–ø–∞—Ä–∫ - —á–µ—Ç–≤–µ—Ä—Ç—ã–π –ø–æ —Ä–∞–∑–º–µ—Ä—É –∏–∑ –≤–æ—Å—å–º–∏ –∫–æ—Ä–æ–ª–µ–≤—Å–∫–∏—Ö –ø–∞—Ä–∫–æ–≤ –õ–æ–Ω–¥–æ–Ω–∞. –ú—ã –∂–∏–ª–∏ —Ä—è–¥–æ–º —Å –Ω–∏–º, –ø–æ—ç—Ç–æ–º—É –±—ã–≤–∞–ª–∏ –∑–¥–µ—Å—å —á–∞—Å—Ç–æ. –ü–æ—è–≤–∏–ª—Å—è –ø–∞—Ä–∫ –≤ 1872 –≥–æ–¥—É. –í –ø–∞—Ä–∫–µ –µ—Å—Ç—å –£–≥–æ–ª–æ–∫ –æ—Ä–∞—Ç–æ—Ä–æ–≤, –≥–¥–µ –≤ —Å–≤–æ–µ –≤—Ä–µ–º—è –≤—ã—Å—Ç—É–ø–∞–ª–∏ –ö–∞—Ä–ª –ú–∞—Ä–∫—Å –∏ –î–∂–æ—Ä–¥–∂ –û—Ä—É—ç–ª–ª. –ù–æ —Å–µ–π—á–∞—Å —Å—É–¥–∞ –ø—Ä–∏—Ö–æ–¥—è—Ç –≤ –æ—Å–Ω–æ–≤–Ω–æ–º –Ω–µ –º–∏—Ç–∏–Ω–≥–æ–≤–∞—Ç—å, –∞ –æ—Ç–¥–æ—Ö–Ω—É—Ç—å –Ω–∞ –ø—Ä–∏—Ä–æ–¥–µ. –í –ø–∞—Ä–∫–µ –ø—Ä—É–¥—ã, –ø–æ–ø—É–≥–∞–∏, –ª–µ–±–µ–¥–∏, –±–µ–ª–∫–∏, –º–Ω–æ–≥–æ —Å–∫—É–ª—å–ø—Ç—É—Ä –∏ –∏–Ω—Ç–µ—Ä–µ—Å–Ω—ã—Ö –∞—Ä—Ç-–æ–±—ä–µ–∫—Ç–æ–≤, —Ñ–æ–Ω—Ç–∞–Ω—ã, –∏ –¥–∞–∂–µ –∫–ª–∞–¥–±–∏—â–µ –¥–æ–º–∞—à–Ω–∏—Ö –∂–∏–≤–æ—Ç–Ω—ã—Ö 19 –≤–µ–∫–∞.–í—Ö–æ–¥ –±–µ—Å–ø–ª–∞—Ç–Ω—ã–π. –í–æ—Ä–æ—Ç–∞ –ø–∞—Ä–∫–∞ –æ—Ç–∫—Ä—ã–≤–∞—é—Ç—Å—è –µ–∂–µ–¥–Ω–µ–≤–Ω–æ –≤ 5 —É—Ç—Ä–∞ –∏ –∑–∞–∫—Ä—ã–≤–∞—é—Ç—Å—è –≤ –ø–æ–ª–Ω–æ—á—å."
1,–∞–≤–≥. 2020 –≥.,"5,0 –∏–∑ 5 –∫—Ä—É–∂–∫–æ–≤",–ü—Ä–µ–∫—Ä–∞—Å–Ω–æ–µ –º–µ—Å—Ç–æ –¥–ª—è –ø—Ä–æ–≥—É–ª–æ–∫,"–ú–æ–π –æ—Ç–µ–ª—å –Ω–∞—Ö–æ–¥–∏–ª—Å—è —Ä—è–¥–æ–º –∏ –ø–æ—Ç–æ–º—É –Ω–µ—Å–∫–æ–ª—å–∫–æ –¥–Ω–µ–π –º–æ–π –¥–µ–Ω—å –Ω–∞—á–∏–Ω–∞–ª—Å—è —Å –ø—Ä–æ–≥—É–ª–æ–∫ –ø–æ —ç—Ç–æ–º—É –ø–∞—Ä–∫—É - –æ–Ω –ª–µ–∂–∞–ª –Ω–∞ –ø—É—Ç–∏ –∫ –º–æ–∏–º —Ü–µ–ª—è–º –≤ –õ–æ–Ω–¥–æ–Ω–µ.–ü—Ä–µ–∫—Ä–∞—Å–Ω–æ–µ –º–µ—Å—Ç–æ –¥–ª—è –ø—Ä–æ–≥—É–ª–æ–∫. –°–≤–µ–∂–∞—è –µ–∂–µ–≤–∏–∫–∞, –ø—Ä–µ–∫—Ä–∞—Å–Ω—ã–µ –ø—Ä—É–¥—ã, –ø–æ–ø—É–≥–∞–∏ –±–µ–ª–∫–∏, –µ–¥—è—â–∏–µ —Å –≤–∞—à–∏—Ö —Ä—É–∫. –ü—Ä–µ–∫—Ä–∞—Å–Ω—ã–µ –ª—é–¥–∏.–û—â—É—â–µ–Ω–∏–µ –ø–æ–∫–æ—è –∏ –±–ª–∞–≥–æ–ø–æ–ª—É—á–∏—è, –±–µ–∑–æ–ø–∞—Å–Ω–æ—Å—Ç—å –∏ –∫—Ä–∞—Å–æ—Ç–∞.–ò—Å–∫—Ä–µ–Ω–Ω–µ —Ä–µ–∫–æ–º–µ–Ω–¥—É—é –¥–ª—è –ø–æ—Å–µ—â–µ–Ω–∏—è!"
2,–º–∞–π 2019 –≥.,"5,0 –∏–∑ 5 –∫—Ä—É–∂–∫–æ–≤",–ö–æ–º–∞–Ω–¥–∏—Ä–æ–≤–∫–∞,"–í –ì–∞–π–¥-–ø–∞—Ä–∫–µ —è –±—ã–ª–∞, –µ—Å–ª–∏ –Ω–µ –æ—à–∏–±–∞—é—Å—å —Ä–∞–∑ 6 –∏–ª–∏ 7, –∑–∞–º–µ—á–∞—Ç–µ–ª—å–Ω–æ–µ –º–µ—Å—Ç–æ, –Ω–µ–æ–±—ã–∫–Ω–æ–≤–µ–Ω–Ω–æ–µ, —á–∏—Å—Ç–æ, –ø—Ä–∏—è—Ç–Ω–æ –ø–æ—Ö–æ–¥–∏—Ç—å –∏ –ø–æ–∫–æ—Ä–º–∏—Ç—å –±–µ–ª–æ–∫, –∞ –≤ –º–∞–µ 2019 –≥–æ–¥–∞ –º—ã –ø–æ–ø–∞–ª–∏ –Ω–∞ –ø—Ä–∞–∑–¥–Ω–∏–∫–∏, –∏ –≤ –ì–∞–π–¥-–ø–∞—Ä–∫–µ –±—ã–ª–æ –æ—á–µ–Ω—å –º–Ω–æ–≥–æ –Ω–∞—Ä–æ–¥—É, —Å –¥–µ—Ç—å–º–∏, –º–Ω–æ–≥–∏–µ —Ä–∞—Å–ø–æ–ª–æ–∂–∏–ª–∏—Å—å –Ω–∞ –ª—É–∂–∞–π–∫–∞—Ö, —Ç–∞–∫ –∫–∞–∫ –±—ã–ª–æ –∂–∞—Ä–∫–æ. –ú—ã —Ç–∞–∫–∂–µ –ø—Ä–æ—à–ª–∏—Å—å –ø–æ –ø–∞—Ä–∫—É, –ø–æ—Å–º–æ—Ç—Ä–µ–ª–∏ –Ω–∞ —É—Ç–æ–∫, –≥–æ–ª—É–±–µ–π, –Ω–∞ –æ—Ç–¥—ã—Ö–∞—é—â–∏—Ö —Å —Å–µ–º—å—è–º–∏. –¢–∞–∫–∂–µ –∏–Ω—Ç–µ—Ä–µ—Å–Ω–æ –ø—Ä–æ–π—Ç–∏—Å—å –ø–æ –ø–∞—Ä–∫—É –∏ –ø–æ—Å–º–æ—Ç—Ä–µ—Ç—å –Ω–∞ –∫—Ä–∞—Å–∏–≤—ã–µ –¥–µ—Ä–µ–≤—å—è, –∫—É—Å—Ç–∞—Ä–Ω–∏–∫–∏ –∏ —Ü–≤–µ—Ç—ã, –∫–æ—Ç–æ—Ä—ã—Ö –Ω–µ—Ç –≤ –£–∑–±–µ–∫–∏—Å—Ç–∞–Ω–µ, —Ä–µ–∫–æ–º–µ–Ω–¥—É—é."
3,–º–∞—Ä—Ç 2020 –≥. ‚Ä¢ –ü—É—Ç–µ—à–µ—Å—Ç–≤–∏–µ –≤ –æ–¥–∏–Ω–æ—á–∫—É,"5,0 –∏–∑ 5 –∫—Ä—É–∂–∫–æ–≤",–ë–æ–ª—å—à–æ–π –∫—Ä–∞—Å–∏–≤—ã–π –ø–∞—Ä–∫,"–û—á–µ–Ω—å –∫—Ä–∞—Å–∏–≤—ã–π –ø–∞—Ä–∫, –≥–¥–µ –º–Ω–æ–≥–æ –±–µ–ª–æ—á–µ–∫, –ø–æ–ø—É–≥–∞–µ–≤ –∏ —Ä–∞–∑–Ω—ã—Ö –¥—Ä—É–≥–∏—Ö –ø—Ç–∏—Ü) –Ω–µ –∑–∞–±—É–¥—å—Ç–µ –≤–∑—è—Ç—å –≤—Å—è–∫–∏–µ –≤–∫—É—Å–Ω—è—à–∫–∏)) –ø–æ—Ç–æ–º—É —á—Ç–æ –º–æ–∂–Ω–æ –ø—Ä–∏–º–∞–Ω–∏—Ç—å –∏—Ö —Å–µ–±–µ –Ω–∞ —Ä—É–∫—É –∏ –Ω–µ —Ç–æ–ª—å–∫–æ –¥–µ—Ç–∏, –Ω–æ –∏ –≤–∑—Ä–æ—Å–ª—ã–µ –ø—Ä–∏—Ö–æ–¥—è—Ç –≤ –≤–æ—Å—Ç–æ—Ä–≥)) –µ—Å—Ç—å –æ–∑–µ—Ä–æ, –º–æ–Ω—É–º–µ–Ω—Ç –ø—Ä–∏–Ω—Ü–µ—Å—Å–µ –î–∏–∞–Ω–µ, –∫–∞—Ñ–µ—à–∫–∏ –∏ –ª–∞–≤–æ—á–∫–∏ –¥–ª—è –æ—Ç–¥—ã—Ö–∞) –æ—Ç–ª–∏—á–Ω–æ–µ –º–µ—Å—Ç–æ –¥–ª—è –ø–∏–∫–Ω–∏–∫–∞ –≤ —Ç—ë–ø–ª–æ–µ –≤—Ä–µ–º—è) "
4,—Ñ–µ–≤—Ä. 2020 –≥.,"5,0 –∏–∑ 5 –∫—Ä—É–∂–∫–æ–≤",–ó–∞—Ä—è–¥–∏—Å—å —ç–Ω–µ—Ä–≥–∏–µ–π,"–û–¥–Ω–æ –∏–∑ –º–æ–∏—Ö –ª—é–±–∏–º—ã—Ö –º–µ—Å—Ç –õ–æ–Ω–¥–æ–Ω–∞. –ü—Ä–æ–≥—É–ª–∫–∞ –ø–æ –ø–∞—Ä–∫—É –∑–∞—Ä—è–∂–∞–µ—Ç —ç–Ω–µ—Ä–≥–∏–µ–π –∏ –ø–æ–∑–∏—Ç–∏–≤–æ–º –Ω–∞ –≤–µ—Å—å –¥–µ–Ω—å. –ü–∞—Ä–∫ –ø—Ä–µ–∫—Ä–∞—Å–µ–Ω –∫–∞–∫ –Ω–∞ –≤–æ—Å—Ö–æ–¥–µ, —Ç–∞–∫ –∏ –≤ –ø–æ–ª—É–¥–µ–Ω–Ω—ã–µ —á–∞—Å—ã. –†–µ–∫–æ–º–µ–Ω–¥—É—é –æ—Å–æ–±–æ–µ –≤–Ω–∏–º–∞–Ω–∏–µ —É–¥–µ–ª–∏—Ç—å –º–æ–Ω—É–º–µ–Ω—Ç—É –ê–ª—å–±–µ—Ä—Ç–∞, –ø—Ä—É–¥–∞–º –∏ –ø–æ—Ç—Ä—è—Å–∞—é—â–∏–º –±–µ–ª–∫–∞–º, –∫–æ—Ç–æ—Ä—ã—Ö –≤ –ø–∞—Ä–∫–µ –æ—á–µ–Ω—å –º–Ω–æ–≥–æ. "
5,—è–Ω–≤. 2020 –≥.,"5,0 –∏–∑ 5 –∫—Ä—É–∂–∫–æ–≤",–ö—Ä–∞—Å–∏–≤—ã–π –∞–Ω–≥–ª–∏–π—Å–∫–∏–π –ø–∞—Ä–∫,–ü–∞—Ä–∫ –≤ —Ü–µ–Ω—Ç—Ä–µ –õ–æ–Ω–¥–æ–Ω–∞ —Å –±–æ–ª—å—à–∏–º –æ–∑–µ—Ä–æ–º. –ï—Å—Ç—å –ª–æ–¥–æ—á–Ω–∞—è —Å—Ç–∞–Ω—Ü–∏—è. –û–≥—Ä–æ–º–Ω—ã–µ –ø–∞—Ä—Ç–µ—Ä—ã. –ï—Å—Ç—å —Ü–≤–µ—Ç–Ω–∏–∫–∏ –∏ —Ç–µ–Ω–∏—Å—Ç—ã–µ –∞–ª–ª–µ–∏. –° –æ–¥–Ω–æ–π —Å—Ç–æ—Ä–æ–Ω—ã –ø–∞—Ä–∫ –ø—Ä–∏–º—ã–∫–∞–µ—Ç –∫ –æ–¥–Ω–æ–º—É –∏–∑ –∫–æ—Ä–æ–ª–µ–≤—Å–∫–∏—Ö –¥–≤–æ—Ä—Ü–æ–≤ –∏ –∫–æ—Ä–æ–ª–µ–≤—Å–∫–æ–º—É —Å–∞–¥—É —Å –æ—Ä–∞–Ω–∂–µ—Ä–µ–µ–π. –í –ø–∞—Ä–∫–µ –µ—Å—Ç—å –ø–ª–æ—â–∞–¥–∫–∞ —Å –∞—Ç—Ç—Ä–∞–∫—Ü–∏–æ–Ω–∞–º–∏ –∏ –∫–æ–ª–µ—Å–æ–º –æ–±–æ–∑—Ä–µ–Ω–∏—è. –í –ø–∞—Ä–∫–µ –æ—Ç–∫—Ä—ã—Ç –º–µ–º–æ—Ä–∏–∞–ª –ø–∞–º—è—Ç–∏ –ø—Ä–∏–Ω—Ü–µ—Å—Å—ã –î–∏–∞–Ω—ã. 
6,—Å–µ–Ω—Ç. 2019 –≥.,"5,0 –∏–∑ 5 –∫—Ä—É–∂–∫–æ–≤",–ì—É–ª—è—é –≤—Å–µ–≥–¥–∞ —Å –ø–∏–∫–Ω–∏–∫–æ–º,"–ì–∞–π–¥ –ø–∞—Ä–∫ –ª—é–±–ª—é! –ò –≤ –∫–∞–∂–¥—É—é —Å–≤–æ—é –ø–æ–µ–∑–¥–∫—É —Å—Ç–∞—Ä–∞—é—Å—å –≤—ã–±—Ä–∞—Ç—å—Å—è –≤ —ç—Ç–æ—Ç –ø–∞—Ä–∫ –Ω–∞ –ø–∏–∫–Ω–∏–∫, —Å –ø–ª–µ–¥–∏–∫–æ–º –∏–ª–∏ –±–µ–∑, –ø—Ä–æ—Å—Ç–æ –Ω–∞ –∫—Ä–µ—Å–ª–µ –ø–æ—Å–∏–¥–µ—Ç—å —Å –±—É—Ç–µ—Ä–±—Ä–æ–¥–æ–º. –õ—é–±–ª—é –µ–≥–æ –ø–æ—á–µ–º—É-—Ç–æ –±–æ–ª—å—à–µ –¥—Ä—É–≥–∏—Ö –ø–∞—Ä–∫–æ–≤ –∑–∞ –æ—Å–æ–±—É—é –∞—Ç–º–æ—Å—Ñ–µ—Ä—É! –ò –∫–æ—Ä–º–ª—é –±–µ–ª–æ–∫ –≤—Å–µ–≥–¥–∞ )"
7,—Å–µ–Ω—Ç. 2019 –≥. ‚Ä¢ –° –¥—Ä—É–∑—å—è–º–∏,"5,0 –∏–∑ 5 –∫—Ä—É–∂–∫–æ–≤",–û—Ç–ª–∏—á–Ω–æ. ,"–®–∏–∫–∞—Ä–Ω—ã–π –ø–∞—Ä–∫, —Å —Ö–æ—Ä–æ—à–∏–º–∏ –¥–æ—Ä–æ–∂–∫–∞–º–∏ –∏ –≤–æ–¥–æ–µ–º–∞–º–∏! –û—á–µ–Ω—å —á–∏—Å—Ç–æ. –õ—é–¥–∏ –æ—Ç–¥—ã—Ö–∞—é—Ç –ø—Ä—è–º–æ –Ω–∞ —Ç—Ä–∞–≤–µ :) –ö—Ä—É–≥–æ–º –±–µ–≥–∞—é—Ç –±–µ–ª–∫–∏, —á—Ç–æ –¥–ª—è –ª—é–¥–µ–π –∏–∑ —Å—Ç—Ä–∞–Ω –°–ù–ì - –ø–æ—Ä–∞–∑–∏—Ç–µ–ª—å–Ω–æ! "
8,—è–Ω–≤. 2019 –≥.,"5,0 –∏–∑ 5 –∫—Ä—É–∂–∫–æ–≤",–ì–∞–π–¥ –ø–∞—Ä–∫,"–ü—Ä–∏ –ø–æ—Å–µ—â–µ–Ω–∏—è –õ–æ–Ω–¥–æ–Ω–∞ –æ–±—è–∑–∞—Ç–µ–ª—å–Ω–æ –Ω—É–∂–Ω–æ –ø–æ—Å–µ—Ç–∏—Ç—å –ì–∞–π–¥-–ü–∞—Ä–∫. –Ø –∫–æ–≥–¥–∞ –ø—Ä–∏–ª–µ—Ç–∞—é –≤ –õ–æ–Ω–¥–æ–Ω, –≤—Å–µ–≥–¥–∞ –ø—Ä–∏—Ö–æ–∂—É –≤ –ü–∞—Ä–∫, –∑–∞—Ö–æ–∂—É –≤ –∫–∞—Ñ–µ —É –ø—Ä—É–¥–∞, –±–µ—Ä—É –∫–æ—Ñ–µ, –ø–∏—Ä–æ–∂–Ω–æ–µ –∏ –∏–¥—É –∫ —Ç—Ä–∞–≤–µ. –í –ª—é–±–æ–º –º–µ—Å—Ç–µ –º–æ–∂–Ω–æ —Å–µ—Å—Ç—å –∏–ª–∏ –ª–µ—á—å –∏ –ø—Ä–æ—Å—Ç–æ –æ—Ç–¥—ã—Ö–∞—Ç—å, —á–∏—Ç–∞—Ç—å –∫–Ω–∏–≥—É, –æ–±—â–∞—Ç—å—Å—è —Å –¥—Ä—É–∑—å—è–º–∏ –∏–ª–∏ –ø—Ä–æ—Å—Ç–æ –ª–µ–∂–∞—Ç—å –∏ –º–µ—á—Ç–∞—Ç—å/ –≠–Ω–µ—Ä–≥–µ—Ç–∏—á–µ—Å–∫–∏ –æ—á–µ–Ω—å –ø—Ä–∏—è—Ç–Ω–æ–µ –º–µ—Å—Ç–æ. –ü–æ —É—Ç—Ä–∞–º –∏–Ω–æ–≥–¥–∞ –±–µ–≥–∞—é."
9,–∏—é–Ω—å 2019 –≥.,"5,0 –∏–∑ 5 –∫—Ä—É–∂–∫–æ–≤",–ó–∞–º–µ—á–∞—Ç–µ–ª—å–Ω–æ!,"Speaker's corner in Hyde Park -–æ–∂–∏–¥–∞–ª–∞ —É–≤–∏–¥–µ—Ç—å –∫–∞–∫–æ–µ-—Ç–æ –≤–æ–∑–≤—ã—à–µ–Ω–∏–µ –∏–∑ –∫–∞–º–Ω—è, —Ç–∏–ø–∞ –∫–æ—Ä–æ–±–∫–∏. –ù–æ —ç—Ç–æ –ø—Ä–ø–æ—Å—Ç–æ –º–∞–ª–µ–Ω—å–∫–æ–µ –∫–∞—Ñ–µ, –≥–¥–µ –º–æ–∂–Ω–æ –ø–æ—Å–∏–¥–µ—Ç—å –∏ –æ–±—Å—É–¥–∏—Ç—å –Ω–æ–≤–æ—Å—Ç–∏."
0,–Ω–æ—è–±. 2019 –≥. ‚Ä¢ –°–µ–º–µ–π–Ω—ã–π –æ—Ç–¥—ã—Ö,"5,0 –∏–∑ 5 –∫—Ä—É–∂–∫–æ–≤",–ò –æ—Å–µ–Ω—å—é –ì–∞–π–¥-–ü–∞—Ä–∫ –ø—Ä–µ–∫—Ä–∞—Å–µ–Ω,"–ú–µ—Å—Ç–æ –¥–ª—è —Å–æ–∑–µ—Ä—Ü–∞–Ω–∏—è –ø—Ä–∏—Ä–æ–¥—ã, –≥–¥–µ –Ω–µ —Ö–æ—á–µ—Ç—Å—è –Ω–∏–∫—É–¥–∞ —Ç–æ—Ä–æ–ø–∏—Ç—å—Å—è. –í–µ–¥–∏—á–µ—Å—Ç–≤–µ–Ω–Ω—ã–π –∞–Ω–≥–ª–∏–π—Å–∫–∏–π –ø–∞—Ä–∫. –ú–Ω–æ–≥–æ –ø—Ä–∞–∫—Ç–∏—á–µ—Å–∫–∏ —Ä—É—á–Ω—ã—Ö –∂–∏–≤–æ—Ç–Ω—ã—Ö: –±–µ–ª–∫–∏, –ª–µ–±–µ–¥–∏, —É—Ç–∫–∏. –í–æ–∑—å–º–∏—Ç–µ —Å —Å–æ–±–æ–π —Ö–ª–µ–±. –ñ–∏–≤–æ—Ç–Ω—ã–µ –ø–æ–¥—Ö–æ–¥—è—Ç —Å–æ–≤—Å–µ–º –±–ª–∏–∑–∫–æ. "
1,–æ–∫—Ç. 2019 –≥. ‚Ä¢ –°–µ–º–µ–π–Ω—ã–π –æ—Ç–¥—ã—Ö,"5,0 –∏–∑ 5 –∫—Ä—É–∂–∫–æ–≤","–ó–∞–±–æ—Ä–æ–≤ –Ω–µ—Ç, –ø—Ç–∏—Ü—ã –Ω–µ –ø—É–≥–∞–Ω—ã, —Å–≤–æ–±–æ–¥–∞...","–î–ª—è –ø—Ä–æ–≥—É–ª–æ–∫, —Å–æ–∑–µ—Ä—Ü–∞–Ω–∏—è, —Å–ø–æ—Ä—Ç–∞ –∏ –æ—Ç–¥—ã—Ö–∞.–ü–∞—Ä–∫ –∏–¥–µ–∞–ª—å–Ω–æ –≤–ø–∏—Å–∞–Ω –≤ –≥–æ—Ä–æ–¥—Å–∫—É—é —Å—Ä–µ–¥—É, –∑–∞–±–æ—Ä–æ–≤ –Ω–µ—Ç, –æ—á–µ–Ω—å –∫—Ä–∞—Å–∏–≤–æ!"
2,–º–∞—Ä—Ç 2019 –≥.,"4,0 –∏–∑ 5 –∫—Ä—É–∂–∫–æ–≤",–ö—É–ª—å—Ç–æ–≤–æ–µ –º–µ—Å—Ç–æ,"–î–ª—è –º–µ–Ω—è —ç—Ç–æ –∞—Å—Å–æ—Ü–∏–∞—Ü–∏—è —Å —Å–∞–º—ã–º –º–∞—Å—à—Ç–∞–±–Ω—ã–º –∫–æ–Ω—Ü–µ—Ä—Ç–æ–º –≥—Ä—É–ø–ø—ã Queen. –ö–æ–≥–¥–∞ –ø–æ—Å–µ—â–∞–ª–∏ —ç—Ç–æ –º–µ—Å—Ç–æ –ø—Ä–æ—Ö–æ–¥–∏–ª–∞ –¥–µ–º–æ–Ω—Å—Ç—Ä–∞—Ü–∏—è –ø—Ä–æ—Ç–∏–≤ Brexit, –ø–æ—ç—Ç–æ–º –∫–∞–∫ —Å–ª–µ–¥—É–µ—Ç –ø—Ä–æ–≥—É–ª—è—Ç—å—Å—è –∏ –ø–æ–Ω—è—Ç—å, —á—Ç–æ –∏–∑ —Å–µ–±—è –ø—Ä–µ–¥—Å—Ç–∞–≤–ª—è–µ—Ç –ø–∞—Ä–∫ –Ω–µ –ø–æ–ª—É—á–∏–ª–æ—Å—å. –ù–æ —ç—Ç–æ –º–µ—Å—Ç–æ, –∫–∞–∫ —è –ø–æ–Ω—è–ª, –Ω–µ –¥–ª—è –ø—Ä–æ–≥—É–ª–æ–∫."
3,–∞–≤–≥. 2019 –≥.,"5,0 –∏–∑ 5 –∫—Ä—É–∂–∫–æ–≤",–ó–µ–ª–µ–Ω–æ,"–æ—Ç–ª–∏—á–Ω–æ–µ –∑–µ–ª–µ–Ω–æ–µ –º–µ—Å—Ç–æ –≤ —Ü–µ–Ω—Ç—Ä–µ –≥–æ—Ä–æ–¥–∞. –ü—Ä–∏—è—Ç–Ω–æ –ø–æ–≥—É–ª—è—Ç—å –≤ –ö–µ–Ω—Å–∏–Ω–≥—Ç–æ–Ω—Å–∫–æ–º –¥–≤–æ—Ä—Ü–µ ,–æ–±–æ–π—Ç–∏ –ú—Ä–∞–º–æ—Ä–Ω—É—é –∞—Ä–∫—É ,–ø–æ–ª—é–±–æ–≤–∞—Ç—å—Å—è –º–µ–º–æ—Ä–∏–∞–ª–æ–º –ø—Ä–∏–Ω—Ü–∞ –ê–ª—å–±–µ—Ä—Ç–∞ –∏ –ê–ª—å–±–µ—Ä—Ç –•–æ–ª–ª–æ–º ,–ú–µ–º–æ—Ä–∏–∞–ª–æ–º –ø—Ä–∏–Ω—Ü–µ—Å—Å—ã –î–∏–∞–Ω—ã,–∞ –ø–æ—Ç–æ–º –ø–æ–≤–∞–ª—è—Ç—å—Å—è –Ω–∞ –º—è–≥–∫–æ–π ,—á–∏—Å—Ç–æ–π ,–∑–µ–ª–µ–Ω–æ–π —Ç—Ä–∞–≤–∫–µ."
4,–∞–≤–≥. 2019 –≥.,"5,0 –∏–∑ 5 –∫—Ä—É–∂–∫–æ–≤",–ó–Ω–∞–º–µ–Ω–∏—Ç—ã–π –ø–∞–∫ –≤ —Ü–µ–Ω—Ç—Ä–µ –õ–æ–Ω–¥–æ–Ω–∞,"–ü—Ä–µ–∫—Ä–∞—Å–Ω—ã–π –ø–∞—Ä–∫ –≤ —Ü–µ–Ω—Ç—Ä–µ –≥–æ—Ä–æ–¥–∞, –ø—Ä–æ–≥—É–ª—è–≤—à–∏—Å—å  –æ –ì–∞–π–¥-–ø–∞—Ä–∫—É  –º–æ–∂–Ω–æ –ø–æ–ø–∞—Å—Ç—å –≤ –ö–µ–Ω—Å–∏–Ω–≥—Ç–æ–Ω—Å–∫–∏–µ —Å–∞–¥—ã, –∞ —Ç–∞–º –∏ –≤–æ –¥–≤–æ—Ä–µ—Ü (–æ –Ω–µ–º –≤ –¥—Ä—É–≥–æ–º –æ—Ç–∑—ã–≤–µ). –ú–æ–∂–Ω–æ –æ—Ç–¥–æ—Ö–Ω—É—Ç—å –Ω–∞ –±–µ—Ä–µ–≥—É –æ–∑–µ—Ä–∞, –∞—Ä–µ–Ω–¥–æ–≤–∞–≤ —à–µ–∑–ª–æ–Ω–≥, –∏–ª–∏ –ø–æ–∫–∞—Ç–∞—Ç—å—Å—è –Ω–∞ –∫–∞—Ç–∞–º–∞—Ä–∞–Ω–∞—Ö,–ø–æ–∫–æ—Ä–º–∏—Ç—å —Å —Ä—É–∫ –ª–µ–±–µ–¥–µ–π –∏–ª–∏ –ø—Ä–æ—Å—Ç–æ –ø–æ–≥—É–ª—è—Ç—å –ø–æ –¥–æ—Ä–æ–∂–∫–∞–º –≤–¥—ã—Ö–∞—è –∞—Ä–æ–º–∞—Ç —Ü–≤–µ—Ç–æ–≤."
5,–∏—é–Ω—å 2019 –≥. ‚Ä¢ –ü—É—Ç–µ—à–µ—Å—Ç–≤–∏–µ –≤ –æ–¥–∏–Ω–æ—á–∫—É,"5,0 –∏–∑ 5 –∫—Ä—É–∂–∫–æ–≤","–ü—Ä–µ–∫—Ä–∞—Å–Ω—ã–π –ø–∞—Ä–∫, –µ—Å—Ç—å –≥–¥–µ —Ä–∞–∑–≥—É–ª—è—Ç—å—Å—è","–ë—ã–ª–∞ –ø—Ä–µ–∫—Ä–∞—Å–Ω–∞—è –ø–æ–≥–æ–¥–∞, –æ—Ç–ª–∏—á–Ω–æ–µ –Ω–∞—Å—Ç—Ä–æ–µ–Ω–∏–µ. –ù–µ —Å–º–æ–≥–ª–∞ –æ—Ç–∫–∞–∑–∞—Ç—å —Å–µ–±–µ –≤ —É–¥–æ–≤–æ–ª—å—Å—Ç–≤–∏–∏ –ø—Ä–æ–≥—É–ª—è—Ç—å—Å—è –ø–æ –Ω–µ–º—É."
6,–∏—é–ª—å 2019 –≥. ‚Ä¢ –ë–∏–∑–Ω–µ—Å,"3,0 –∏–∑ 5 –∫—Ä—É–∂–∫–æ–≤",–ü–∞—Ä–∫,"–ï—Å–ª–∏ —á–µ—Å—Ç–Ω–æ –Ω–µ –æ—Å–æ–±–æ –ø–æ–Ω–∏–º–∞—é –≤–æ—Å—Ö–∏—â–µ–Ω–∏–π –æ –¥–∞–Ω–Ω–æ–º –º–µ—Å—Ç–µ. –ü–∞—Ä–∫ –∫–∞–∫ –ø–∞—Ä–∫. –í–µ–ª–æ–¥–æ—Ä–æ–∂–∫–∏, –¥–µ—Ä–µ–≤—å—è, –±–æ–ª—å—à–æ–µ –æ–∑–µ—Ä–æ —Å –æ–≥—Ä–æ–º–Ω—ã–º –∫–æ–ª–∏—á–µ—Å—Ç–≤–æ–º –ø—Ç–∏—Ü-–≥—É—Å–µ–π-–ª–µ–±–µ–¥–µ–π –∏ –∫–∞—Ç–∞–º–∞—Ä–∞–Ω–æ–≤ (–∫–æ–≥–¥–∞ –æ–Ω–∏ –∑–∞–Ω—è—Ç—ã –ª—é–¥—å–º–∏ –º–µ—Å—Ç–∞ –¥–ª—è –∫–∞—Ç–∞–Ω–∏—è –ø–æ—á—Ç–∏ –Ω–µ—Ç), –æ–±–∏–ª–∏–µ –ø–æ–ª—è–Ω–æ–∫ –¥–ª—è –æ—Ç–¥—ã—Ö–∞, —Å–∫–∞–º–µ–µ–∫, –∫–∞—Ñ–µ—à–µ–∫ –∏ –ø–ª–∞—Ç–Ω—ã—Ö —Å—Ç—É–ª—å–µ–≤-—à–µ–∑–ª–æ–Ω–≥–æ–≤.  –ò–∑–º–∞–π—Å–ª–æ–≤—Å–∫–∏–π –ø–∞—Ä–∫ –≤ –ú–æ—Å–∫–≤–µ –≥–æ—Ä–∞–∑–¥–æ –∫—Ä—É—á–µ, –ø—Ä–æ –ü–∞—Ä–∫ –ì–æ—Ä—å–∫–æ–≥–æ –≤–æ–æ–±—â–µ –º–æ–ª—á—É - –Ω–∏ –≤ –∫–∞–∫–æ–µ —Å—Ä–∞–≤–Ω–µ–Ω–∏–µ –Ω–µ –∏–¥–µ—Ç."
7,–∞–ø—Ä. 2019 –≥. ‚Ä¢ –î–ª—è –¥–≤–æ–∏—Ö,"5,0 –∏–∑ 5 –∫—Ä—É–∂–∫–æ–≤",–ì–æ—Ä–æ–¥—Å–∫–æ–π –ª–µ—Å,"–û–≥—Ä–æ–º–Ω–∞—è  –ª–µ—Å–æ–ø–∞—Ä–∫–æ–≤–∞—è –∑–æ–Ω–∞, –≤–µ–∫–æ–≤—ã–µ  –¥–µ—Ä–µ–≤—å—è, –∑–µ–ª–µ–Ω—ã–µ –≥–∞–∑–æ–Ω—ã, –∏ –ø—Ä–æ—Å—Ç–æ—Ä  –≤–æ–∫—Ä—É–≥.  –¢–∏—à–∏–Ω–∞  –∏  —Å–ø–æ–∫–æ–π—Å—Ç–≤–∏–µ,  —Ü–≤–µ—Ç—É—Ç  —è—Ä–∫–∏–º  –∫–æ–ª–µ—Ä–æ–º  —Ü–≤–µ—Ç—ã, –¥–µ—Ä–µ–≤—å—è  –∏  –∫—É—Å—Ç–∞—Ä–Ω–∏–∫–∏. –ü–∞—Ü–∞–Ω—ã  —Å—Ç–∞–≤—è—Ç  —Ä—é–∫–∑–∞–∫–∏  –≤–º–µ—Å—Ç–æ —Ñ—É—Ç–±–æ–ª—å–Ω—ã—Ö  –≤–æ—Ä–æ—Ç  –∏ –±—å—é—Ç—Å—è –Ω–∞ –¥–µ—Å—è—Ç–∫–∞—Ö –∏–º–ø—Ä–æ–≤–∏–∑–∏—Ä–æ–≤–∞–Ω–Ω—ã—Ö —Ñ—É—Ç–±–æ–ª—å–Ω—ã—Ö  –ø–æ–ª–µ–π. –í  –ø—Ä—É–¥–∞—Ö  –º–Ω–æ–∂–µ—Å—Ç–≤–æ –≤–æ–¥–æ–ø–ª–∞–≤–∞—é—â–∏—Ö  –ø—Ç–∏—Ü, –∑–¥–µ—Å—å –∏  –ª–µ–±–µ–¥–∏  –∏  —É—Ç–∫–∏  –∏  –Ω–µ—Å–∫–æ–ª—å–∫–æ  –≤–∏–¥–æ–≤  –≥—É—Å–µ–π, –≤—Å–µ  —Ä—É—á–Ω—ã–µ, –≤—Å–µ  –∫–æ—Ä–º—è—Ç—Å—è  –ø—Ä—è–º–æ  –∏–∑  —Ä—É–∫. –ü–∞–º—è—Ç–Ω–∏–∫–∏,–¥–≤–æ—Ä—Ü—ã. –ì—É–ª—è–µ—à—å –∏  –Ω–∏–∫–∞–∫ –Ω–µ  ""–Ω–∞–ø—å–µ—à—å—Å—è""  —Å–≤–µ–∂–µ–≥–æ  –≤–æ–∑–¥—É—Ö–∞"
8,–º–∞–π 2019 –≥. ‚Ä¢ –° –¥—Ä—É–∑—å—è–º–∏,"5,0 –∏–∑ 5 –∫—Ä—É–∂–∫–æ–≤",Nice Green Park ,"Nice park with some flowers üíê good for walking and for picnic üß∫ –ø–∞—Ä–∫ –Ω–∞—Ö–æ–¥–∏—Ç—Å—è –≤ —Ü–µ–Ω—Ç—Ä–µ –≥–æ—Ä–æ–¥–∞, —Ö–æ—Ä–æ—à–æ —Ç–∞–º –ø–æ–±—ã–≤–∞—Ç—å –≤ —Ö–æ—Ä–æ—à—É—é –ø–æ–≥–æ–¥—É. –ú–Ω–æ–≥–æ —Ä–∞–∑–Ω–æ–π –∂–∏–≤–Ω–æ—Å—Ç–∏ —Ç–∞–º –æ–±–∏—Ç–∞–µ—Ç. "
9,–º–∞—Ä—Ç 2019 –≥. ‚Ä¢ –° –¥—Ä—É–∑—å—è–º–∏,"5,0 –∏–∑ 5 –∫—Ä—É–∂–∫–æ–≤",–∑–¥–µ—Å—å –µ—Å—Ç—å –ø–æ–ø—É–≥–∞–π—á–∏–∫–∏,"—Å–æ–≤–µ—Ä—à–µ–Ω–Ω–æ —Å–ª—É—á–∞–π–Ω–æ –∑–∞—à–ª–∏ –≤ –ø–∞—Ä–∫. –±—ã–ª–∞ —Ö–æ—Ä–æ—à–∞—è –ø–æ–≥–æ–¥–∞, –º—ã —Ä–µ—à–∏–ª–∏ –ø–µ—Ä–µ–¥–æ—Ö–Ω—É—Ç—å –º–µ–∂–¥—É –ø–æ—Å–µ—â–µ–Ω–∏–µ–º –º—É–∑–µ—è –µ—Å—Ç –Ω–∞—É–∫ –∏ –≤–∏–∫—Ç–æ—Ä–∏–∏ –∏ –∞–ª—å–±–µ—Ä—Ç–∞ (10 –º–∏–Ω—É—Ç –ø–µ—à–∫–æ–º). –ø–∞—Ä–∫ –±–æ–ª—å—à–æ–π, –º–Ω–æ–∂–µ—Å—Ç–≤–æ –ª–µ–±–µ–¥–µ–π –∏ —É—Ç–æ—á–µ–∫, –±–µ–ª–æ—á–∫–∏. –∞ —Å–∞–º—ã–µ –∏–Ω—Ç–µ—Ä–µ—Å–Ω—ã–µ –∂–∏—Ç–µ–ª–∏ - —ç—Ç–æ –∑–µ–ª–µ–Ω—ã–µ –ø–æ–ø—É–≥–∞–π—á–∏–∫–∏, –∏ –µ—Å–ª–∏ –∏–∑–ª–æ–≤—á–∏—Ç—å—Å—è, —Ç–æ –º–æ–∂–Ω–æ –∏—Ö –ø–æ–∫–æ—Ä–º–∏—Ç—å)))"
0,–∞–≤–≥. 2020 –≥.,"5,0 –∏–∑ 5 –∫—Ä—É–∂–∫–æ–≤",–ú–Ω–æ–≥–æ —Å–∫—É–ª—å–ø—Ç—É—Ä –∏ –∏–Ω—Ç–µ—Ä–µ—Å–Ω—ã—Ö –∞—Ä—Ç-–æ–±—ä–µ–∫—Ç–æ–≤,"–ì–∞–π–¥-–ø–∞—Ä–∫ - —á–µ—Ç–≤–µ—Ä—Ç—ã–π –ø–æ —Ä–∞–∑–º–µ—Ä—É –∏–∑ –≤–æ—Å—å–º–∏ –∫–æ—Ä–æ–ª–µ–≤—Å–∫–∏—Ö –ø–∞—Ä–∫–æ–≤ –õ–æ–Ω–¥–æ–Ω–∞. –ú—ã –∂–∏–ª–∏ —Ä—è–¥–æ–º —Å –Ω–∏–º, –ø–æ—ç—Ç–æ–º—É –±—ã–≤–∞–ª–∏ –∑–¥–µ—Å—å —á–∞—Å—Ç–æ. –ü–æ—è–≤–∏–ª—Å—è –ø–∞—Ä–∫ –≤ 1872 –≥–æ–¥—É. –í –ø–∞—Ä–∫–µ –µ—Å—Ç—å –£–≥–æ–ª–æ–∫ –æ—Ä–∞—Ç–æ—Ä–æ–≤, –≥–¥–µ –≤ —Å–≤–æ–µ –≤—Ä–µ–º—è –≤—ã—Å—Ç—É–ø–∞–ª–∏ –ö–∞—Ä–ª –ú–∞—Ä–∫—Å –∏ –î–∂–æ—Ä–¥–∂ –û—Ä—É—ç–ª–ª. –ù–æ —Å–µ–π—á–∞—Å —Å—É–¥–∞ –ø—Ä–∏—Ö–æ–¥—è—Ç –≤ –æ—Å–Ω–æ–≤–Ω–æ–º –Ω–µ –º–∏—Ç–∏–Ω–≥–æ–≤–∞—Ç—å, –∞ –æ—Ç–¥–æ—Ö–Ω—É—Ç—å –Ω–∞ –ø—Ä–∏—Ä–æ–¥–µ. –í –ø–∞—Ä–∫–µ –ø—Ä—É–¥—ã, –ø–æ–ø—É–≥–∞–∏, –ª–µ–±–µ–¥–∏, –±–µ–ª–∫–∏, –º–Ω–æ–≥–æ —Å–∫—É–ª—å–ø—Ç—É—Ä –∏ –∏–Ω—Ç–µ—Ä–µ—Å–Ω—ã—Ö –∞—Ä—Ç-–æ–±—ä–µ–∫—Ç–æ–≤, —Ñ–æ–Ω—Ç–∞–Ω—ã, –∏ –¥–∞–∂–µ –∫–ª–∞–¥–±–∏—â–µ –¥–æ–º–∞—à–Ω–∏—Ö –∂–∏–≤–æ—Ç–Ω—ã—Ö 19 –≤–µ–∫–∞.–í—Ö–æ–¥ –±–µ—Å–ø–ª–∞—Ç–Ω—ã–π. –í–æ—Ä–æ—Ç–∞ –ø–∞—Ä–∫–∞ –æ—Ç–∫—Ä—ã–≤–∞—é—Ç—Å—è –µ–∂–µ–¥–Ω–µ–≤–Ω–æ –≤ 5 —É—Ç—Ä–∞ –∏ –∑–∞–∫—Ä—ã–≤–∞—é—Ç—Å—è –≤ –ø–æ–ª–Ω–æ—á—å."
1,–∞–≤–≥. 2020 –≥.,"5,0 –∏–∑ 5 –∫—Ä—É–∂–∫–æ–≤",–ü—Ä–µ–∫—Ä–∞—Å–Ω–æ–µ –º–µ—Å—Ç–æ –¥–ª—è –ø—Ä–æ–≥—É–ª–æ–∫,"–ú–æ–π –æ—Ç–µ–ª—å –Ω–∞—Ö–æ–¥–∏–ª—Å—è —Ä—è–¥–æ–º –∏ –ø–æ—Ç–æ–º—É –Ω–µ—Å–∫–æ–ª—å–∫–æ –¥–Ω–µ–π –º–æ–π –¥–µ–Ω—å –Ω–∞—á–∏–Ω–∞–ª—Å—è —Å –ø—Ä–æ–≥—É–ª–æ–∫ –ø–æ —ç—Ç–æ–º—É –ø–∞—Ä–∫—É - –æ–Ω –ª–µ–∂–∞–ª –Ω–∞ –ø—É—Ç–∏ –∫ –º–æ–∏–º —Ü–µ–ª—è–º –≤ –õ–æ–Ω–¥–æ–Ω–µ.–ü—Ä–µ–∫—Ä–∞—Å–Ω–æ–µ –º–µ—Å—Ç–æ –¥–ª—è –ø—Ä–æ–≥—É–ª–æ–∫. –°–≤–µ–∂–∞—è –µ–∂–µ–≤–∏–∫–∞, –ø—Ä–µ–∫—Ä–∞—Å–Ω—ã–µ –ø—Ä—É–¥—ã, –ø–æ–ø—É–≥–∞–∏ –±–µ–ª–∫–∏, –µ–¥—è—â–∏–µ —Å –≤–∞—à–∏—Ö —Ä—É–∫. –ü—Ä–µ–∫—Ä–∞—Å–Ω—ã–µ –ª—é–¥–∏.–û—â—É—â–µ–Ω–∏–µ –ø–æ–∫–æ—è –∏ –±–ª–∞–≥–æ–ø–æ–ª—É—á–∏—è, –±–µ–∑–æ–ø–∞—Å–Ω–æ—Å—Ç—å –∏ –∫—Ä–∞—Å–æ—Ç–∞.–ò—Å–∫—Ä–µ–Ω–Ω–µ —Ä–µ–∫–æ–º–µ–Ω–¥—É—é –¥–ª—è –ø–æ—Å–µ—â–µ–Ω–∏—è!"
2,–º–∞–π 2019 –≥.,"5,0 –∏–∑ 5 –∫—Ä—É–∂–∫–æ–≤",–ö–æ–º–∞–Ω–¥–∏—Ä–æ–≤–∫–∞,"–í –ì–∞–π–¥-–ø–∞—Ä–∫–µ —è –±—ã–ª–∞, –µ—Å–ª–∏ –Ω–µ –æ—à–∏–±–∞—é—Å—å —Ä–∞–∑ 6 –∏–ª–∏ 7, –∑–∞–º–µ—á–∞—Ç–µ–ª—å–Ω–æ–µ –º–µ—Å—Ç–æ, –Ω–µ–æ–±—ã–∫–Ω–æ–≤–µ–Ω–Ω–æ–µ, —á–∏—Å—Ç–æ, –ø—Ä–∏—è—Ç–Ω–æ –ø–æ—Ö–æ–¥–∏—Ç—å –∏ –ø–æ–∫–æ—Ä–º–∏—Ç—å –±–µ–ª–æ–∫, –∞ –≤ –º–∞–µ 2019 –≥–æ–¥–∞ –º—ã –ø–æ–ø–∞–ª–∏ –Ω–∞ –ø—Ä–∞–∑–¥–Ω–∏–∫–∏, –∏ –≤ –ì–∞–π–¥-–ø–∞—Ä–∫–µ –±—ã–ª–æ –æ—á–µ–Ω—å –º–Ω–æ–≥–æ –Ω–∞—Ä–æ–¥—É, —Å –¥–µ—Ç—å–º–∏, –º–Ω–æ–≥–∏–µ —Ä–∞—Å–ø–æ–ª–æ–∂–∏–ª–∏—Å—å –Ω–∞ –ª—É–∂–∞–π–∫–∞—Ö, —Ç–∞–∫ –∫–∞–∫ –±—ã–ª–æ –∂–∞—Ä–∫–æ. –ú—ã —Ç–∞–∫–∂–µ –ø—Ä–æ—à–ª–∏—Å—å –ø–æ –ø–∞—Ä–∫—É, –ø–æ—Å–º–æ—Ç—Ä–µ–ª–∏ –Ω–∞ —É—Ç–æ–∫, –≥–æ–ª—É–±–µ–π, –Ω–∞ –æ—Ç–¥—ã—Ö–∞—é—â–∏—Ö —Å —Å–µ–º—å—è–º–∏. –¢–∞–∫–∂–µ –∏–Ω—Ç–µ—Ä–µ—Å–Ω–æ –ø—Ä–æ–π—Ç–∏—Å—å –ø–æ –ø–∞—Ä–∫—É –∏ –ø–æ—Å–º–æ—Ç—Ä–µ—Ç—å –Ω–∞ –∫—Ä–∞—Å–∏–≤—ã–µ –¥–µ—Ä–µ–≤—å—è, –∫—É—Å—Ç–∞—Ä–Ω–∏–∫–∏ –∏ —Ü–≤–µ—Ç—ã, –∫–æ—Ç–æ—Ä—ã—Ö –Ω–µ—Ç –≤ –£–∑–±–µ–∫–∏—Å—Ç–∞–Ω–µ, —Ä–µ–∫–æ–º–µ–Ω–¥—É—é."
3,–º–∞—Ä—Ç 2020 –≥. ‚Ä¢ –ü—É—Ç–µ—à–µ—Å—Ç–≤–∏–µ –≤ –æ–¥–∏–Ω–æ—á–∫—É,"5,0 –∏–∑ 5 –∫—Ä—É–∂–∫–æ–≤",–ë–æ–ª—å—à–æ–π –∫—Ä–∞—Å–∏–≤—ã–π –ø–∞—Ä–∫,"–û—á–µ–Ω—å –∫—Ä–∞—Å–∏–≤—ã–π –ø–∞—Ä–∫, –≥–¥–µ –º–Ω–æ–≥–æ –±–µ–ª–æ—á–µ–∫, –ø–æ–ø—É–≥–∞–µ–≤ –∏ —Ä–∞–∑–Ω—ã—Ö –¥—Ä—É–≥–∏—Ö –ø—Ç–∏—Ü) –Ω–µ –∑–∞–±—É–¥—å—Ç–µ –≤–∑—è—Ç—å –≤—Å—è–∫–∏–µ –≤–∫—É—Å–Ω—è—à–∫–∏)) –ø–æ—Ç–æ–º—É —á—Ç–æ –º–æ–∂–Ω–æ –ø—Ä–∏–º–∞–Ω–∏—Ç—å –∏—Ö —Å–µ–±–µ –Ω–∞ —Ä—É–∫—É –∏ –Ω–µ —Ç–æ–ª—å–∫–æ –¥–µ—Ç–∏, –Ω–æ –∏ –≤–∑—Ä–æ—Å–ª—ã–µ –ø—Ä–∏—Ö–æ–¥—è—Ç –≤ –≤–æ—Å—Ç–æ—Ä–≥)) –µ—Å—Ç—å –æ–∑–µ—Ä–æ, –º–æ–Ω—É–º–µ–Ω—Ç –ø—Ä–∏–Ω—Ü–µ—Å—Å–µ –î–∏–∞–Ω–µ, –∫–∞—Ñ–µ—à–∫–∏ –∏ –ª–∞–≤–æ—á–∫–∏ –¥–ª—è –æ—Ç–¥—ã—Ö–∞) –æ—Ç–ª–∏—á–Ω–æ–µ –º–µ—Å—Ç–æ –¥–ª—è –ø–∏–∫–Ω–∏–∫–∞ –≤ —Ç—ë–ø–ª–æ–µ –≤—Ä–µ–º—è) "
4,—Ñ–µ–≤—Ä. 2020 –≥.,"5,0 –∏–∑ 5 –∫—Ä—É–∂–∫–æ–≤",–ó–∞—Ä—è–¥–∏—Å—å —ç–Ω–µ—Ä–≥–∏–µ–π,"–û–¥–Ω–æ –∏–∑ –º–æ–∏—Ö –ª—é–±–∏–º—ã—Ö –º–µ—Å—Ç –õ–æ–Ω–¥–æ–Ω–∞. –ü—Ä–æ–≥—É–ª–∫–∞ –ø–æ –ø–∞—Ä–∫—É –∑–∞—Ä—è–∂–∞–µ—Ç —ç–Ω–µ—Ä–≥–∏–µ–π –∏ –ø–æ–∑–∏—Ç–∏–≤–æ–º –Ω–∞ –≤–µ—Å—å –¥–µ–Ω—å. –ü–∞—Ä–∫ –ø—Ä–µ–∫—Ä–∞—Å–µ–Ω –∫–∞–∫ –Ω–∞ –≤–æ—Å—Ö–æ–¥–µ, —Ç–∞–∫ –∏ –≤ –ø–æ–ª—É–¥–µ–Ω–Ω—ã–µ —á–∞—Å—ã. –†–µ–∫–æ–º–µ–Ω–¥—É—é –æ—Å–æ–±–æ–µ –≤–Ω–∏–º–∞–Ω–∏–µ —É–¥–µ–ª–∏—Ç—å –º–æ–Ω—É–º–µ–Ω—Ç—É –ê–ª—å–±–µ—Ä—Ç–∞, –ø—Ä—É–¥–∞–º –∏ –ø–æ—Ç—Ä—è—Å–∞—é—â–∏–º –±–µ–ª–∫–∞–º, –∫–æ—Ç–æ—Ä—ã—Ö –≤ –ø–∞—Ä–∫–µ –æ—á–µ–Ω—å –º–Ω–æ–≥–æ. "
5,—è–Ω–≤. 2020 –≥.,"5,0 –∏–∑ 5 –∫—Ä—É–∂–∫–æ–≤",–ö—Ä–∞—Å–∏–≤—ã–π –∞–Ω–≥–ª–∏–π—Å–∫–∏–π –ø–∞—Ä–∫,–ü–∞—Ä–∫ –≤ —Ü–µ–Ω—Ç—Ä–µ –õ–æ–Ω–¥–æ–Ω–∞ —Å –±–æ–ª—å—à–∏–º –æ–∑–µ—Ä–æ–º. –ï—Å—Ç—å –ª–æ–¥–æ—á–Ω–∞—è —Å—Ç–∞–Ω—Ü–∏—è. –û–≥—Ä–æ–º–Ω—ã–µ –ø–∞—Ä—Ç–µ—Ä—ã. –ï—Å—Ç—å —Ü–≤–µ—Ç–Ω–∏–∫–∏ –∏ —Ç–µ–Ω–∏—Å—Ç—ã–µ –∞–ª–ª–µ–∏. –° –æ–¥–Ω–æ–π —Å—Ç–æ—Ä–æ–Ω—ã –ø–∞—Ä–∫ –ø—Ä–∏–º—ã–∫–∞–µ—Ç –∫ –æ–¥–Ω–æ–º—É –∏–∑ –∫–æ—Ä–æ–ª–µ–≤—Å–∫–∏—Ö –¥–≤–æ—Ä—Ü–æ–≤ –∏ –∫–æ—Ä–æ–ª–µ–≤—Å–∫–æ–º—É —Å–∞–¥—É —Å –æ—Ä–∞–Ω–∂–µ—Ä–µ–µ–π. –í –ø–∞—Ä–∫–µ –µ—Å—Ç—å –ø–ª–æ—â–∞–¥–∫–∞ —Å –∞—Ç—Ç—Ä–∞–∫—Ü–∏–æ–Ω–∞–º–∏ –∏ –∫–æ–ª–µ—Å–æ–º –æ–±–æ–∑—Ä–µ–Ω–∏—è. –í –ø–∞—Ä–∫–µ –æ—Ç–∫—Ä—ã—Ç –º–µ–º–æ—Ä–∏–∞–ª –ø–∞–º—è—Ç–∏ –ø—Ä–∏–Ω—Ü–µ—Å—Å—ã –î–∏–∞–Ω—ã. 
6,—Å–µ–Ω—Ç. 2019 –≥.,"5,0 –∏–∑ 5 –∫—Ä—É–∂–∫–æ–≤",–ì—É–ª—è—é –≤—Å–µ–≥–¥–∞ —Å –ø–∏–∫–Ω–∏–∫–æ–º,"–ì–∞–π–¥ –ø–∞—Ä–∫ –ª—é–±–ª—é! –ò –≤ –∫–∞–∂–¥—É—é —Å–≤–æ—é –ø–æ–µ–∑–¥–∫—É —Å—Ç–∞—Ä–∞—é—Å—å –≤—ã–±—Ä–∞—Ç—å—Å—è –≤ —ç—Ç–æ—Ç –ø–∞—Ä–∫ –Ω–∞ –ø–∏–∫–Ω–∏–∫, —Å –ø–ª–µ–¥–∏–∫–æ–º –∏–ª–∏ –±–µ–∑, –ø—Ä–æ—Å—Ç–æ –Ω–∞ –∫—Ä–µ—Å–ª–µ –ø–æ—Å–∏–¥–µ—Ç—å —Å –±—É—Ç–µ—Ä–±—Ä–æ–¥–æ–º. –õ—é–±–ª—é –µ–≥–æ –ø–æ—á–µ–º—É-—Ç–æ –±–æ–ª—å—à–µ –¥—Ä—É–≥–∏—Ö –ø–∞—Ä–∫–æ–≤ –∑–∞ –æ—Å–æ–±—É—é –∞—Ç–º–æ—Å—Ñ–µ—Ä—É! –ò –∫–æ—Ä–º–ª—é –±–µ–ª–æ–∫ –≤—Å–µ–≥–¥–∞ )"
7,—Å–µ–Ω—Ç. 2019 –≥. ‚Ä¢ –° –¥—Ä—É–∑—å—è–º–∏,"5,0 –∏–∑ 5 –∫—Ä—É–∂–∫–æ–≤",–û—Ç–ª–∏—á–Ω–æ. ,"–®–∏–∫–∞—Ä–Ω—ã–π –ø–∞—Ä–∫, —Å —Ö–æ—Ä–æ—à–∏–º–∏ –¥–æ—Ä–æ–∂–∫–∞–º–∏ –∏ –≤–æ–¥–æ–µ–º–∞–º–∏! –û—á–µ–Ω—å —á–∏—Å—Ç–æ. –õ—é–¥–∏ –æ—Ç–¥—ã—Ö–∞—é—Ç –ø—Ä—è–º–æ –Ω–∞ —Ç—Ä–∞–≤–µ :) –ö—Ä—É–≥–æ–º –±–µ–≥–∞—é—Ç –±–µ–ª–∫–∏, —á—Ç–æ –¥–ª—è –ª—é–¥–µ–π –∏–∑ —Å—Ç—Ä–∞–Ω –°–ù–ì - –ø–æ—Ä–∞–∑–∏—Ç–µ–ª—å–Ω–æ! "
8,—è–Ω–≤. 2019 –≥.,"5,0 –∏–∑ 5 –∫—Ä—É–∂–∫–æ–≤",–ì–∞–π–¥ –ø–∞—Ä–∫,"–ü—Ä–∏ –ø–æ—Å–µ—â–µ–Ω–∏—è –õ–æ–Ω–¥–æ–Ω–∞ –æ–±—è–∑–∞—Ç–µ–ª—å–Ω–æ –Ω—É–∂–Ω–æ –ø–æ—Å–µ—Ç–∏—Ç—å –ì–∞–π–¥-–ü–∞—Ä–∫. –Ø –∫–æ–≥–¥–∞ –ø—Ä–∏–ª–µ—Ç–∞—é –≤ –õ–æ–Ω–¥–æ–Ω, –≤—Å–µ–≥–¥–∞ –ø—Ä–∏—Ö–æ–∂—É –≤ –ü–∞—Ä–∫, –∑–∞—Ö–æ–∂—É –≤ –∫–∞—Ñ–µ —É –ø—Ä—É–¥–∞, –±–µ—Ä—É –∫–æ—Ñ–µ, –ø–∏—Ä–æ–∂–Ω–æ–µ –∏ –∏–¥—É –∫ —Ç—Ä–∞–≤–µ. –í –ª—é–±–æ–º –º–µ—Å—Ç–µ –º–æ–∂–Ω–æ —Å–µ—Å—Ç—å –∏–ª–∏ –ª–µ—á—å –∏ –ø—Ä–æ—Å—Ç–æ –æ—Ç–¥—ã—Ö–∞—Ç—å, —á–∏—Ç–∞—Ç—å –∫–Ω–∏–≥—É, –æ–±—â–∞—Ç—å—Å—è —Å –¥—Ä—É–∑—å—è–º–∏ –∏–ª–∏ –ø—Ä–æ—Å—Ç–æ –ª–µ–∂–∞—Ç—å –∏ –º–µ—á—Ç–∞—Ç—å/ –≠–Ω–µ—Ä–≥–µ—Ç–∏—á–µ—Å–∫–∏ –æ—á–µ–Ω—å –ø—Ä–∏—è—Ç–Ω–æ–µ –º–µ—Å—Ç–æ. –ü–æ —É—Ç—Ä–∞–º –∏–Ω–æ–≥–¥–∞ –±–µ–≥–∞—é."
9,–∏—é–Ω—å 2019 –≥.,"5,0 –∏–∑ 5 –∫—Ä—É–∂–∫–æ–≤",–ó–∞–º–µ—á–∞—Ç–µ–ª—å–Ω–æ!,"Speaker's corner in Hyde Park -–æ–∂–∏–¥–∞–ª–∞ —É–≤–∏–¥–µ—Ç—å –∫–∞–∫–æ–µ-—Ç–æ –≤–æ–∑–≤—ã—à–µ–Ω–∏–µ –∏–∑ –∫–∞–º–Ω—è, —Ç–∏–ø–∞ –∫–æ—Ä–æ–±–∫–∏. –ù–æ —ç—Ç–æ –ø—Ä–ø–æ—Å—Ç–æ –º–∞–ª–µ–Ω—å–∫–æ–µ –∫–∞—Ñ–µ, –≥–¥–µ –º–æ–∂–Ω–æ –ø–æ—Å–∏–¥–µ—Ç—å –∏ –æ–±—Å—É–¥–∏—Ç—å –Ω–æ–≤–æ—Å—Ç–∏."
0,–Ω–æ—è–±. 2019 –≥. ‚Ä¢ –°–µ–º–µ–π–Ω—ã–π –æ—Ç–¥—ã—Ö,"5,0 –∏–∑ 5 –∫—Ä—É–∂–∫–æ–≤",–ò –æ—Å–µ–Ω—å—é –ì–∞–π–¥-–ü–∞—Ä–∫ –ø—Ä–µ–∫—Ä–∞—Å–µ–Ω,"–ú–µ—Å—Ç–æ –¥–ª—è —Å–æ–∑–µ—Ä—Ü–∞–Ω–∏—è –ø—Ä–∏—Ä–æ–¥—ã, –≥–¥–µ –Ω–µ —Ö–æ—á–µ—Ç—Å—è –Ω–∏–∫—É–¥–∞ —Ç–æ—Ä–æ–ø–∏—Ç—å—Å—è. –í–µ–¥–∏—á–µ—Å—Ç–≤–µ–Ω–Ω—ã–π –∞–Ω–≥–ª–∏–π—Å–∫–∏–π –ø–∞—Ä–∫. –ú–Ω–æ–≥–æ –ø—Ä–∞–∫—Ç–∏—á–µ—Å–∫–∏ —Ä—É—á–Ω—ã—Ö –∂–∏–≤–æ—Ç–Ω—ã—Ö: –±–µ–ª–∫–∏, –ª–µ–±–µ–¥–∏, —É—Ç–∫–∏. –í–æ–∑—å–º–∏—Ç–µ —Å —Å–æ–±–æ–π —Ö–ª–µ–±. –ñ–∏–≤–æ—Ç–Ω—ã–µ –ø–æ–¥—Ö–æ–¥—è—Ç —Å–æ–≤—Å–µ–º –±–ª–∏–∑–∫–æ. "
1,–æ–∫—Ç. 2019 –≥. ‚Ä¢ –°–µ–º–µ–π–Ω—ã–π –æ—Ç–¥—ã—Ö,"5,0 –∏–∑ 5 –∫—Ä—É–∂–∫–æ–≤","–ó–∞–±–æ—Ä–æ–≤ –Ω–µ—Ç, –ø—Ç–∏—Ü—ã –Ω–µ –ø—É–≥–∞–Ω—ã, —Å–≤–æ–±–æ–¥–∞...","–î–ª—è –ø—Ä–æ–≥—É–ª–æ–∫, —Å–æ–∑–µ—Ä—Ü–∞–Ω–∏—è, —Å–ø–æ—Ä—Ç–∞ –∏ –æ—Ç–¥—ã—Ö–∞.–ü–∞—Ä–∫ –∏–¥–µ–∞–ª—å–Ω–æ –≤–ø–∏—Å–∞–Ω –≤ –≥–æ—Ä–æ–¥—Å–∫—É—é —Å—Ä–µ–¥—É, –∑–∞–±–æ—Ä–æ–≤ –Ω–µ—Ç, –æ—á–µ–Ω—å –∫—Ä–∞—Å–∏–≤–æ!"
2,–º–∞—Ä—Ç 2019 –≥.,"4,0 –∏–∑ 5 –∫—Ä—É–∂–∫–æ–≤",–ö—É–ª—å—Ç–æ–≤–æ–µ –º–µ—Å—Ç–æ,"–î–ª—è –º–µ–Ω—è —ç—Ç–æ –∞—Å—Å–æ—Ü–∏–∞—Ü–∏—è —Å —Å–∞–º—ã–º –º–∞—Å—à—Ç–∞–±–Ω—ã–º –∫–æ–Ω—Ü–µ—Ä—Ç–æ–º –≥—Ä—É–ø–ø—ã Queen. –ö–æ–≥–¥–∞ –ø–æ—Å–µ—â–∞–ª–∏ —ç—Ç–æ –º–µ—Å—Ç–æ –ø—Ä–æ—Ö–æ–¥–∏–ª–∞ –¥–µ–º–æ–Ω—Å—Ç—Ä–∞—Ü–∏—è –ø—Ä–æ—Ç–∏–≤ Brexit, –ø–æ—ç—Ç–æ–º –∫–∞–∫ —Å–ª–µ–¥—É–µ—Ç –ø—Ä–æ–≥—É–ª—è—Ç—å—Å—è –∏ –ø–æ–Ω—è—Ç—å, —á—Ç–æ –∏–∑ —Å–µ–±—è –ø—Ä–µ–¥—Å—Ç–∞–≤–ª—è–µ—Ç –ø–∞—Ä–∫ –Ω–µ –ø–æ–ª—É—á–∏–ª–æ—Å—å. –ù–æ —ç—Ç–æ –º–µ—Å—Ç–æ, –∫–∞–∫ —è –ø–æ–Ω—è–ª, –Ω–µ –¥–ª—è –ø—Ä–æ–≥—É–ª–æ–∫."
3,–∞–≤–≥. 2019 –≥.,"5,0 –∏–∑ 5 –∫—Ä—É–∂–∫–æ–≤",–ó–µ–ª–µ–Ω–æ,"–æ—Ç–ª–∏—á–Ω–æ–µ –∑–µ–ª–µ–Ω–æ–µ –º–µ—Å—Ç–æ –≤ —Ü–µ–Ω—Ç—Ä–µ –≥–æ—Ä–æ–¥–∞. –ü—Ä–∏—è—Ç–Ω–æ –ø–æ–≥—É–ª—è—Ç—å –≤ –ö–µ–Ω—Å–∏–Ω–≥—Ç–æ–Ω—Å–∫–æ–º –¥–≤–æ—Ä—Ü–µ ,–æ–±–æ–π—Ç–∏ –ú—Ä–∞–º–æ—Ä–Ω—É—é –∞—Ä–∫—É ,–ø–æ–ª—é–±–æ–≤–∞—Ç—å—Å—è –º–µ–º–æ—Ä–∏–∞–ª–æ–º –ø—Ä–∏–Ω—Ü–∞ –ê–ª—å–±–µ—Ä—Ç–∞ –∏ –ê–ª—å–±–µ—Ä—Ç –•–æ–ª–ª–æ–º ,–ú–µ–º–æ—Ä–∏–∞–ª–æ–º –ø—Ä–∏–Ω—Ü–µ—Å—Å—ã –î–∏–∞–Ω—ã,–∞ –ø–æ—Ç–æ–º –ø–æ–≤–∞–ª—è—Ç—å—Å—è –Ω–∞ –º—è–≥–∫–æ–π ,—á–∏—Å—Ç–æ–π ,–∑–µ–ª–µ–Ω–æ–π —Ç—Ä–∞–≤–∫–µ."
4,–∞–≤–≥. 2019 –≥.,"5,0 –∏–∑ 5 –∫—Ä—É–∂–∫–æ–≤",–ó–Ω–∞–º–µ–Ω–∏—Ç—ã–π –ø–∞–∫ –≤ —Ü–µ–Ω—Ç—Ä–µ –õ–æ–Ω–¥–æ–Ω–∞,"–ü—Ä–µ–∫—Ä–∞—Å–Ω—ã–π –ø–∞—Ä–∫ –≤ —Ü–µ–Ω—Ç—Ä–µ –≥–æ—Ä–æ–¥–∞, –ø—Ä–æ–≥—É–ª—è–≤—à–∏—Å—å  –æ –ì–∞–π–¥-–ø–∞—Ä–∫—É  –º–æ–∂–Ω–æ –ø–æ–ø–∞—Å—Ç—å –≤ –ö–µ–Ω—Å–∏–Ω–≥—Ç–æ–Ω—Å–∫–∏–µ —Å–∞–¥—ã, –∞ —Ç–∞–º –∏ –≤–æ –¥–≤–æ—Ä–µ—Ü (–æ –Ω–µ–º –≤ –¥—Ä—É–≥–æ–º –æ—Ç–∑—ã–≤–µ). –ú–æ–∂–Ω–æ –æ—Ç–¥–æ—Ö–Ω—É—Ç—å –Ω–∞ –±–µ—Ä–µ–≥—É –æ–∑–µ—Ä–∞, –∞—Ä–µ–Ω–¥–æ–≤–∞–≤ —à–µ–∑–ª–æ–Ω–≥, –∏–ª–∏ –ø–æ–∫–∞—Ç–∞—Ç—å—Å—è –Ω–∞ –∫–∞—Ç–∞–º–∞—Ä–∞–Ω–∞—Ö,–ø–æ–∫–æ—Ä–º–∏—Ç—å —Å —Ä—É–∫ –ª–µ–±–µ–¥–µ–π –∏–ª–∏ –ø—Ä–æ—Å—Ç–æ –ø–æ–≥—É–ª—è—Ç—å –ø–æ –¥–æ—Ä–æ–∂–∫–∞–º –≤–¥—ã—Ö–∞—è –∞—Ä–æ–º–∞—Ç —Ü–≤–µ—Ç–æ–≤."
5,–∏—é–Ω—å 2019 –≥. ‚Ä¢ –ü—É—Ç–µ—à–µ—Å—Ç–≤–∏–µ –≤ –æ–¥–∏–Ω–æ—á–∫—É,"5,0 –∏–∑ 5 –∫—Ä—É–∂–∫–æ–≤","–ü—Ä–µ–∫—Ä–∞—Å–Ω—ã–π –ø–∞—Ä–∫, –µ—Å—Ç—å –≥–¥–µ —Ä–∞–∑–≥—É–ª—è—Ç—å—Å—è","–ë—ã–ª–∞ –ø—Ä–µ–∫—Ä–∞—Å–Ω–∞—è –ø–æ–≥–æ–¥–∞, –æ—Ç–ª–∏—á–Ω–æ–µ –Ω–∞—Å—Ç—Ä–æ–µ–Ω–∏–µ. –ù–µ —Å–º–æ–≥–ª–∞ –æ—Ç–∫–∞–∑–∞—Ç—å —Å–µ–±–µ –≤ —É–¥–æ–≤–æ–ª—å—Å—Ç–≤–∏–∏ –ø—Ä–æ–≥—É–ª—è—Ç—å—Å—è –ø–æ –Ω–µ–º—É."
6,–∏—é–ª—å 2019 –≥. ‚Ä¢ –ë–∏–∑–Ω–µ—Å,"3,0 –∏–∑ 5 –∫—Ä—É–∂–∫–æ–≤",–ü–∞—Ä–∫,"–ï—Å–ª–∏ —á–µ—Å—Ç–Ω–æ –Ω–µ –æ—Å–æ–±–æ –ø–æ–Ω–∏–º–∞—é –≤–æ—Å—Ö–∏—â–µ–Ω–∏–π –æ –¥–∞–Ω–Ω–æ–º –º–µ—Å—Ç–µ. –ü–∞—Ä–∫ –∫–∞–∫ –ø–∞—Ä–∫. –í–µ–ª–æ–¥–æ—Ä–æ–∂–∫–∏, –¥–µ—Ä–µ–≤—å—è, –±–æ–ª—å—à–æ–µ –æ–∑–µ—Ä–æ —Å –æ–≥—Ä–æ–º–Ω—ã–º –∫–æ–ª–∏—á–µ—Å—Ç–≤–æ–º –ø—Ç–∏—Ü-–≥—É—Å–µ–π-–ª–µ–±–µ–¥–µ–π –∏ –∫–∞—Ç–∞–º–∞—Ä–∞–Ω–æ–≤ (–∫–æ–≥–¥–∞ –æ–Ω–∏ –∑–∞–Ω—è—Ç—ã –ª—é–¥—å–º–∏ –º–µ—Å—Ç–∞ –¥–ª—è –∫–∞—Ç–∞–Ω–∏—è –ø–æ—á—Ç–∏ –Ω–µ—Ç), –æ–±–∏–ª–∏–µ –ø–æ–ª—è–Ω–æ–∫ –¥–ª—è –æ—Ç–¥—ã—Ö–∞, —Å–∫–∞–º–µ–µ–∫, –∫–∞—Ñ–µ—à–µ–∫ –∏ –ø–ª–∞—Ç–Ω—ã—Ö —Å—Ç—É–ª—å–µ–≤-—à–µ–∑–ª–æ–Ω–≥–æ–≤.  –ò–∑–º–∞–π—Å–ª–æ–≤—Å–∫–∏–π –ø–∞—Ä–∫ –≤ –ú–æ—Å–∫–≤–µ –≥–æ—Ä–∞–∑–¥–æ –∫—Ä—É—á–µ, –ø—Ä–æ –ü–∞—Ä–∫ –ì–æ—Ä—å–∫–æ–≥–æ –≤–æ–æ–±—â–µ –º–æ–ª—á—É - –Ω–∏ –≤ –∫–∞–∫–æ–µ —Å—Ä–∞–≤–Ω–µ–Ω–∏–µ –Ω–µ –∏–¥–µ—Ç."
7,–∞–ø—Ä. 2019 –≥. ‚Ä¢ –î–ª—è –¥–≤–æ–∏—Ö,"5,0 –∏–∑ 5 –∫—Ä—É–∂–∫–æ–≤",–ì–æ—Ä–æ–¥—Å–∫–æ–π –ª–µ—Å,"–û–≥—Ä–æ–º–Ω–∞—è  –ª–µ—Å–æ–ø–∞—Ä–∫–æ–≤–∞—è –∑–æ–Ω–∞, –≤–µ–∫–æ–≤—ã–µ  –¥–µ—Ä–µ–≤—å—è, –∑–µ–ª–µ–Ω—ã–µ –≥–∞–∑–æ–Ω—ã, –∏ –ø—Ä–æ—Å—Ç–æ—Ä  –≤–æ–∫—Ä—É–≥.  –¢–∏—à–∏–Ω–∞  –∏  —Å–ø–æ–∫–æ–π—Å—Ç–≤–∏–µ,  —Ü–≤–µ—Ç—É—Ç  —è—Ä–∫–∏–º  –∫–æ–ª–µ—Ä–æ–º  —Ü–≤–µ—Ç—ã, –¥–µ—Ä–µ–≤—å—è  –∏  –∫—É—Å—Ç–∞—Ä–Ω–∏–∫–∏. –ü–∞—Ü–∞–Ω—ã  —Å—Ç–∞–≤—è—Ç  —Ä—é–∫–∑–∞–∫–∏  –≤–º–µ—Å—Ç–æ —Ñ—É—Ç–±–æ–ª—å–Ω—ã—Ö  –≤–æ—Ä–æ—Ç  –∏ –±—å—é—Ç—Å—è –Ω–∞ –¥–µ—Å—è—Ç–∫–∞—Ö –∏–º–ø—Ä–æ–≤–∏–∑–∏—Ä–æ–≤–∞–Ω–Ω—ã—Ö —Ñ—É—Ç–±–æ–ª—å–Ω—ã—Ö  –ø–æ–ª–µ–π. –í  –ø—Ä—É–¥–∞—Ö  –º–Ω–æ–∂–µ—Å—Ç–≤–æ –≤–æ–¥–æ–ø–ª–∞–≤–∞—é—â–∏—Ö  –ø—Ç–∏—Ü, –∑–¥–µ—Å—å –∏  –ª–µ–±–µ–¥–∏  –∏  —É—Ç–∫–∏  –∏  –Ω–µ—Å–∫–æ–ª—å–∫–æ  –≤–∏–¥–æ–≤  –≥—É—Å–µ–π, –≤—Å–µ  —Ä—É—á–Ω—ã–µ, –≤—Å–µ  –∫–æ—Ä–º—è—Ç—Å—è  –ø—Ä—è–º–æ  –∏–∑  —Ä—É–∫. –ü–∞–º—è—Ç–Ω–∏–∫–∏,–¥–≤–æ—Ä—Ü—ã. –ì—É–ª—è–µ—à—å –∏  –Ω–∏–∫–∞–∫ –Ω–µ  ""–Ω–∞–ø—å–µ—à—å—Å—è""  —Å–≤–µ–∂–µ–≥–æ  –≤–æ–∑–¥—É—Ö–∞"
8,–º–∞–π 2019 –≥. ‚Ä¢ –° –¥—Ä—É–∑—å—è–º–∏,"5,0 –∏–∑ 5 –∫—Ä—É–∂–∫–æ–≤",Nice Green Park ,"Nice park with some flowers üíê good for walking and for picnic üß∫ –ø–∞—Ä–∫ –Ω–∞—Ö–æ–¥–∏—Ç—Å—è –≤ —Ü–µ–Ω—Ç—Ä–µ –≥–æ—Ä–æ–¥–∞, —Ö–æ—Ä–æ—à–æ —Ç–∞–º –ø–æ–±—ã–≤–∞—Ç—å –≤ —Ö–æ—Ä–æ—à—É—é –ø–æ–≥–æ–¥—É. –ú–Ω–æ–≥–æ —Ä–∞–∑–Ω–æ–π –∂–∏–≤–Ω–æ—Å—Ç–∏ —Ç–∞–º –æ–±–∏—Ç–∞–µ—Ç. "
9,–º–∞—Ä—Ç 2019 –≥. ‚Ä¢ –° –¥—Ä—É–∑—å—è–º–∏,"5,0 –∏–∑ 5 –∫—Ä—É–∂–∫–æ–≤",–∑–¥–µ—Å—å –µ—Å—Ç—å –ø–æ–ø—É–≥–∞–π—á–∏–∫–∏,"—Å–æ–≤–µ—Ä—à–µ–Ω–Ω–æ —Å–ª—É—á–∞–π–Ω–æ –∑–∞—à–ª–∏ –≤ –ø–∞—Ä–∫. –±—ã–ª–∞ —Ö–æ—Ä–æ—à–∞—è –ø–æ–≥–æ–¥–∞, –º—ã —Ä–µ—à–∏–ª–∏ –ø–µ—Ä–µ–¥–æ—Ö–Ω—É—Ç—å –º–µ–∂–¥—É –ø–æ—Å–µ—â–µ–Ω–∏–µ–º –º—É–∑–µ—è –µ—Å—Ç –Ω–∞—É–∫ –∏ –≤–∏–∫—Ç–æ—Ä–∏–∏ –∏ –∞–ª—å–±–µ—Ä—Ç–∞ (10 –º–∏–Ω—É—Ç –ø–µ—à–∫–æ–º). –ø–∞—Ä–∫ –±–æ–ª—å—à–æ–π, –º–Ω–æ–∂–µ—Å—Ç–≤–æ –ª–µ–±–µ–¥–µ–π –∏ —É—Ç–æ—á–µ–∫, –±–µ–ª–æ—á–∫–∏. –∞ —Å–∞–º—ã–µ –∏–Ω—Ç–µ—Ä–µ—Å–Ω—ã–µ –∂–∏—Ç–µ–ª–∏ - —ç—Ç–æ –∑–µ–ª–µ–Ω—ã–µ –ø–æ–ø—É–≥–∞–π—á–∏–∫–∏, –∏ –µ—Å–ª–∏ –∏–∑–ª–æ–≤—á–∏—Ç—å—Å—è, —Ç–æ –º–æ–∂–Ω–æ –∏—Ö –ø–æ–∫–æ—Ä–º–∏—Ç—å)))"
